episode,timestamp,eps,alphaCap,total_reward,win,steps,episode_duration_s,q_max,q_mean
0,2026-04-05T20:15:02.437,0.600000,0.001000,-2.000000,0,1,3.333,1.735296,0.030019
1,2026-04-05T20:15:06.144,0.599725,0.001000,-1.000000,0,1,3.624,1.735296,0.030019
2,2026-04-05T20:15:09.026,0.599450,0.001000,-1.600000,0,1,2.845,1.735296,0.030019
3,2026-04-05T20:15:12.107,0.599175,0.001000,-2.000000,0,1,3.052,1.735296,0.030019
4,2026-04-05T20:15:15.213,0.598900,0.001000,-1.600000,0,1,3.082,1.735296,0.030019
5,2026-04-05T20:15:18.160,0.598625,0.001000,-1.600000,0,1,2.926,1.735296,0.030019
6,2026-04-05T20:15:21.342,0.598350,0.001000,-1.600000,0,1,3.150,1.735296,0.030019
7,2026-04-05T20:15:24.636,0.598075,0.001000,-1.600000,0,1,3.266,1.735296,0.030019
8,2026-04-05T20:15:27.769,0.597800,0.001000,-1.600000,0,1,3.106,1.735296,0.030019
9,2026-04-05T20:15:30.977,0.597525,0.001000,-1.600000,0,1,3.183,1.735296,0.030019
10,2026-04-05T20:15:33.868,0.597250,0.001000,-1.600000,0,1,2.868,1.735296,0.030019
11,2026-04-05T20:15:36.919,0.596975,0.001000,-1.600000,0,1,3.016,1.735296,0.030019
12,2026-04-05T20:15:39.819,0.596700,0.001000,-1.600000,0,1,2.874,1.735296,0.030019
13,2026-04-05T20:15:42.949,0.596425,0.001000,-2.000000,0,1,3.106,1.735296,0.030019
14,2026-04-05T20:15:46.004,0.596150,0.001000,-1.600000,0,1,3.029,1.735296,0.030019
15,2026-04-05T20:15:48.888,0.595875,0.001000,-1.600000,0,1,2.850,1.735296,0.030019
16,2026-04-05T20:15:51.966,0.595600,0.001000,-1.600000,0,1,3.056,1.735296,0.030019
17,2026-04-05T20:15:55.122,0.595325,0.001000,-1.600000,0,1,3.126,1.735296,0.030019
18,2026-04-05T20:15:58.349,0.595050,0.001000,-1.600000,0,1,3.202,1.735296,0.030019
19,2026-04-05T20:16:01.385,0.594775,0.000999,-1.600000,0,1,3.013,1.735296,0.030019
20,2026-04-05T20:16:04.605,0.594500,0.000999,-1.600000,0,1,3.195,1.735296,0.030019
21,2026-04-05T20:16:07.833,0.594225,0.000999,-1.600000,0,1,3.200,1.735296,0.030019
22,2026-04-05T20:16:11.065,0.593950,0.000999,-1.600000,0,1,3.206,1.735296,0.030019
23,2026-04-05T20:16:14.179,0.593675,0.000999,-1.600000,0,1,3.091,1.735296,0.030019
24,2026-04-05T20:16:17.297,0.593400,0.000999,-2.000000,0,1,3.091,1.735296,0.030019
25,2026-04-05T20:16:20.414,0.593125,0.000999,-1.600000,0,1,3.093,1.735296,0.030019
26,2026-04-05T20:16:23.547,0.592850,0.000999,-1.600000,0,1,3.100,1.735296,0.030019
27,2026-04-05T20:16:26.678,0.592575,0.000999,-2.000000,0,1,3.108,1.735296,0.030019
28,2026-04-05T20:16:29.817,0.592300,0.000999,-1.600000,0,1,3.116,1.735296,0.030019
29,2026-04-05T20:16:32.879,0.592025,0.000999,-1.600000,0,1,3.037,1.735296,0.030019
30,2026-04-05T20:16:35.994,0.591750,0.000999,-1.600000,0,1,3.089,1.735296,0.030019
31,2026-04-05T20:16:38.883,0.591475,0.000999,-1.000000,0,1,2.866,1.735296,0.030019
32,2026-04-05T20:16:42.014,0.591200,0.000999,-1.000000,0,1,3.102,1.735296,0.030019
33,2026-04-05T20:16:45.032,0.590925,0.000999,-1.600000,0,1,2.981,1.735296,0.030019
34,2026-04-05T20:16:47.240,0.590650,0.000999,-1.600000,0,2,2.182,2.496025,0.058367
35,2026-04-05T20:16:50.409,0.590375,0.000999,-1.600000,0,1,3.144,1.735296,0.030019
36,2026-04-05T20:16:53.298,0.590100,0.000999,-1.600000,0,1,2.864,1.735296,0.030019
37,2026-04-05T20:16:56.245,0.589825,0.000999,-1.600000,0,1,2.917,1.735296,0.030019
38,2026-04-05T20:16:59.396,0.589550,0.000999,-1.600000,0,1,3.127,1.735296,0.030019
39,2026-04-05T20:17:02.390,0.589275,0.000999,-1.600000,0,1,2.968,1.735296,0.030019
40,2026-04-05T20:17:05.340,0.589000,0.000999,-2.000000,0,1,2.926,1.735296,0.030019
41,2026-04-05T20:17:08.460,0.588725,0.000999,-1.600000,0,1,3.093,1.735296,0.030019
42,2026-04-05T20:17:11.380,0.588450,0.000999,-1.600000,0,1,2.894,1.735296,0.030019
43,2026-04-05T20:17:14.440,0.588175,0.000999,-1.600000,0,1,3.028,1.735296,0.030019
44,2026-04-05T20:17:17.531,0.587900,0.000999,-1.600000,0,1,3.063,1.735296,0.030019
45,2026-04-05T20:17:20.744,0.587625,0.000999,-1.600000,0,1,3.178,1.735296,0.030019
46,2026-04-05T20:17:23.874,0.587350,0.000999,-1.600000,0,1,3.101,1.735296,0.030019
47,2026-04-05T20:17:26.768,0.587075,0.000999,-1.600000,0,1,2.863,1.735296,0.030019
48,2026-04-05T20:17:29.889,0.586800,0.000999,-1.600000,0,1,3.093,1.735296,0.030019
49,2026-04-05T20:17:32.782,0.586525,0.000999,-1.600000,0,1,2.862,1.735296,0.030019
50,2026-04-05T20:17:36.006,0.586250,0.000999,-1.600000,0,1,3.195,1.735296,0.030019
51,2026-04-05T20:17:39.121,0.585975,0.000999,-1.600000,0,1,3.092,1.735296,0.030019
52,2026-04-05T20:17:42.477,0.585700,0.000999,-1.600000,0,1,3.320,1.735296,0.030019
53,2026-04-05T20:17:45.594,0.585425,0.000999,-1.600000,0,1,3.089,1.735296,0.030019
54,2026-04-05T20:17:48.769,0.585150,0.000999,-1.600000,0,1,3.140,1.735296,0.030019
55,2026-04-05T20:17:51.998,0.584875,0.000999,-1.600000,0,1,3.196,1.735296,0.030019
56,2026-04-05T20:17:54.937,0.584600,0.000999,-1.600000,0,1,2.911,1.735296,0.030019
57,2026-04-05T20:17:58.064,0.584325,0.000998,-1.600000,0,1,3.103,1.735296,0.030019
58,2026-04-05T20:18:00.954,0.584050,0.000998,-1.600000,0,1,2.862,1.735296,0.030019
59,2026-04-05T20:18:04.115,0.583775,0.000998,-1.600000,0,1,3.131,1.735296,0.030019
60,2026-04-05T20:18:07.223,0.583500,0.000998,-1.600000,0,1,3.074,1.735296,0.030019
61,2026-04-05T20:18:10.450,0.583225,0.000998,-1.600000,0,1,3.198,1.735296,0.030019
62,2026-04-05T20:18:13.414,0.582950,0.000998,-1.600000,0,1,2.936,1.735296,0.030019
63,2026-04-05T20:18:16.341,0.582675,0.000998,-1.600000,0,1,2.892,1.735296,0.030019
64,2026-04-05T20:18:19.297,0.582400,0.000998,-1.600000,0,1,2.928,1.735296,0.030019
65,2026-04-05T20:18:22.411,0.582125,0.000998,-1.600000,0,1,3.087,1.735296,0.030019
66,2026-04-05T20:18:25.609,0.581850,0.000998,-2.000000,0,1,3.171,1.735296,0.030019
67,2026-04-05T20:18:28.897,0.581575,0.000998,-1.600000,0,1,3.265,1.735296,0.030019
68,2026-04-05T20:18:31.991,0.581300,0.000998,-2.000000,0,1,3.072,1.735296,0.030019
69,2026-04-05T20:18:35.124,0.581025,0.000998,-1.500000,0,1,3.105,1.735296,0.030019
70,2026-04-05T20:18:38.331,0.580750,0.000998,-1.600000,0,1,3.175,1.735296,0.030019
71,2026-04-05T20:18:41.232,0.580475,0.000998,-1.600000,0,1,2.874,1.735296,0.030019
72,2026-04-05T20:18:44.334,0.580200,0.000998,-1.600000,0,1,3.074,1.735296,0.030019
73,2026-04-05T20:18:47.469,0.579925,0.000998,-1.600000,0,1,3.106,1.735296,0.030019
74,2026-04-05T20:18:50.600,0.579650,0.000998,-1.600000,0,1,3.104,1.735296,0.030019
75,2026-04-05T20:18:53.692,0.579375,0.000998,-1.600000,0,1,3.060,1.735296,0.030019
76,2026-04-05T20:18:56.578,0.579100,0.000998,-1.600000,0,1,2.862,1.735296,0.030019
77,2026-04-05T20:18:59.466,0.578825,0.000998,-1.600000,0,1,2.846,1.735296,0.030019
78,2026-04-05T20:19:02.595,0.578550,0.000998,-1.600000,0,1,3.101,1.735296,0.030019
79,2026-04-05T20:19:05.535,0.578275,0.000998,-1.600000,0,1,2.909,1.735296,0.030019
80,2026-04-05T20:19:08.670,0.578000,0.000998,-1.600000,0,1,3.105,1.735296,0.030019
81,2026-04-05T20:19:11.746,0.577725,0.000998,-1.600000,0,1,3.047,1.735296,0.030019
82,2026-04-05T20:19:14.862,0.577450,0.000998,-1.600000,0,1,3.079,1.735296,0.030019
83,2026-04-05T20:19:18.058,0.577175,0.000998,-1.600000,0,1,3.167,1.735296,0.030019
84,2026-04-05T20:19:21.178,0.576900,0.000998,-1.600000,0,1,3.084,1.735296,0.030019
85,2026-04-05T20:19:24.291,0.576625,0.000998,-1.600000,0,1,3.089,1.735296,0.030019
86,2026-04-05T20:19:27.512,0.576350,0.000998,-1.600000,0,1,3.190,1.735296,0.030019
87,2026-04-05T20:19:30.406,0.576075,0.000998,-1.600000,0,1,2.870,1.735296,0.030019
88,2026-04-05T20:19:33.506,0.575800,0.000998,-1.600000,0,1,3.070,1.735296,0.030019
89,2026-04-05T20:19:36.720,0.575525,0.000998,-1.600000,0,1,3.189,1.735296,0.030019
90,2026-04-05T20:19:39.851,0.575250,0.000998,-1.600000,0,1,3.106,1.735296,0.030019
91,2026-04-05T20:19:42.739,0.574975,0.000998,-1.600000,0,1,2.855,1.735296,0.030019
92,2026-04-05T20:19:45.852,0.574700,0.000998,-1.600000,0,1,3.087,1.735296,0.030019
93,2026-04-05T20:19:48.971,0.574425,0.000998,-1.600000,0,1,3.094,1.735296,0.030019
94,2026-04-05T20:19:51.937,0.574150,0.000997,-1.600000,0,1,2.940,1.735296,0.030019
95,2026-04-05T20:19:55.059,0.573875,0.000997,-2.000000,0,1,3.094,1.735296,0.030019
96,2026-04-05T20:19:58.019,0.573600,0.000997,-1.600000,0,1,2.933,1.735296,0.030019
97,2026-04-05T20:20:01.075,0.573325,0.000997,-1.600000,0,1,3.026,1.735296,0.030019
98,2026-04-05T20:20:03.985,0.573050,0.000997,-1.600000,0,1,2.879,1.735296,0.030019
99,2026-04-05T20:20:07.120,0.572775,0.000997,-1.600000,0,1,3.102,1.735296,0.030019
100,2026-04-05T20:20:10.534,0.572500,0.000997,-1.600000,0,1,3.353,1.735296,0.030019
101,2026-04-05T20:20:13.493,0.572225,0.000997,-1.600000,0,1,2.932,1.735296,0.030019
102,2026-04-05T20:20:16.394,0.571950,0.000997,-1.600000,0,1,2.868,1.735296,0.030019
103,2026-04-05T20:20:19.521,0.571675,0.000997,-1.600000,0,1,3.098,1.735296,0.030019
104,2026-04-05T20:20:22.671,0.571400,0.000997,-1.600000,0,1,3.121,1.735296,0.030019
105,2026-04-05T20:20:25.530,0.571125,0.000997,-1.600000,0,1,2.826,1.735296,0.030019
106,2026-04-05T20:20:28.647,0.570850,0.000997,-1.600000,0,1,3.094,1.735296,0.030019
107,2026-04-05T20:20:31.865,0.570575,0.000997,-1.600000,0,1,3.195,1.735296,0.030019
108,2026-04-05T20:20:35.014,0.570300,0.000997,-1.600000,0,1,3.126,1.735296,0.030019
109,2026-04-05T20:20:38.112,0.570025,0.000997,-1.600000,0,1,3.072,1.735296,0.030019
110,2026-04-05T20:20:41.350,0.569750,0.000997,-1.600000,0,1,3.211,1.735296,0.030019
111,2026-04-05T20:20:44.580,0.569475,0.000997,-1.600000,0,1,3.207,1.735296,0.030019
112,2026-04-05T20:20:47.635,0.569200,0.000997,-1.600000,0,1,3.031,1.735296,0.030019
113,2026-04-05T20:20:50.696,0.568925,0.000997,-1.600000,0,1,3.032,1.735296,0.030019
114,2026-04-05T20:20:53.795,0.568650,0.000997,-1.600000,0,1,3.075,1.735296,0.030019
115,2026-04-05T20:20:56.897,0.568375,0.000997,-1.600000,0,1,3.078,1.735296,0.030019
116,2026-04-05T20:21:00.044,0.568100,0.000997,-1.600000,0,1,3.116,1.735296,0.030019
117,2026-04-05T20:21:02.993,0.567825,0.000997,-1.600000,0,1,2.917,1.735296,0.030019
118,2026-04-05T20:21:06.092,0.567550,0.000997,-1.600000,0,1,3.074,1.735296,0.030019
119,2026-04-05T20:21:09.099,0.567275,0.000997,-1.600000,0,1,2.981,1.735296,0.030019
120,2026-04-05T20:21:12.260,0.567000,0.000997,-1.600000,0,1,3.137,1.735296,0.030019
121,2026-04-05T20:21:15.141,0.566725,0.000997,-1.600000,0,1,2.859,1.735296,0.030019
122,2026-04-05T20:21:18.357,0.566450,0.000997,-1.600000,0,1,3.186,1.735296,0.030019
123,2026-04-05T20:21:21.690,0.566175,0.000997,-1.600000,0,1,3.305,1.735296,0.030019
124,2026-04-05T20:21:24.829,0.565900,0.000997,-1.600000,0,1,3.114,1.735296,0.030019
125,2026-04-05T20:21:27.906,0.565625,0.000997,-1.600000,0,1,3.045,1.735296,0.030019
126,2026-04-05T20:21:30.923,0.565350,0.000997,-1.600000,0,1,2.992,1.735296,0.030019
127,2026-04-05T20:21:34.274,0.565075,0.000997,-1.600000,0,1,3.327,1.735296,0.030019
128,2026-04-05T20:21:37.249,0.564800,0.000997,-1.600000,0,1,2.936,1.735296,0.030019
129,2026-04-05T20:21:40.172,0.564525,0.000997,-1.600000,0,1,2.897,1.735296,0.030019
130,2026-04-05T20:21:43.308,0.564250,0.000997,-1.600000,0,1,3.108,1.735296,0.030019
131,2026-04-05T20:21:46.438,0.563975,0.000997,-1.600000,0,1,3.103,1.735296,0.030019
132,2026-04-05T20:21:49.540,0.563700,0.000996,-1.600000,0,1,3.076,1.735296,0.030019
133,2026-04-05T20:21:52.768,0.563425,0.000996,-2.000000,0,1,3.205,1.735296,0.030019
134,2026-04-05T20:21:55.755,0.563150,0.000996,-1.600000,0,1,2.960,1.735296,0.030019
135,2026-04-05T20:21:58.885,0.562875,0.000996,-2.000000,0,1,3.105,1.735296,0.030019
136,2026-04-05T20:22:01.987,0.562600,0.000996,-1.600000,0,1,3.074,1.735296,0.030019
137,2026-04-05T20:22:04.971,0.562325,0.000996,-1.600000,0,1,2.956,1.735296,0.030019
138,2026-04-05T20:22:07.888,0.562050,0.000996,-1.600000,0,1,2.889,1.735296,0.030019
139,2026-04-05T20:22:10.887,0.561775,0.000996,-1.600000,0,1,2.969,1.735296,0.030019
140,2026-04-05T20:22:14.051,0.561500,0.000996,-1.600000,0,1,3.137,1.735296,0.030019
141,2026-04-05T20:22:17.172,0.561225,0.000996,-1.600000,0,1,3.096,1.735296,0.030019
142,2026-04-05T20:22:20.138,0.560950,0.000996,-1.600000,0,1,2.944,1.735296,0.030019
143,2026-04-05T20:22:23.248,0.560675,0.000996,-1.600000,0,1,3.078,1.735296,0.030019
144,2026-04-05T20:22:26.364,0.560400,0.000996,-1.600000,0,1,3.087,1.735296,0.030019
145,2026-04-05T20:22:29.490,0.560125,0.000996,-2.000000,0,1,3.099,1.735296,0.030019
146,2026-04-05T20:22:32.667,0.559850,0.000996,-1.600000,0,1,3.149,1.735296,0.030019
147,2026-04-05T20:22:35.553,0.559575,0.000996,-1.600000,0,1,2.860,1.735296,0.030019
148,2026-04-05T20:22:38.714,0.559300,0.000996,-1.600000,0,1,3.140,1.735296,0.030019
149,2026-04-05T20:22:41.683,0.559025,0.000996,-1.600000,0,1,2.945,1.735296,0.030019
150,2026-04-05T20:22:44.770,0.558750,0.000996,-1.600000,0,1,3.062,1.735296,0.030019
151,2026-04-05T20:22:47.686,0.558475,0.000996,-1.600000,0,1,2.887,1.735296,0.030019
152,2026-04-05T20:22:50.796,0.558200,0.000996,-1.600000,0,1,3.080,1.735296,0.030019
153,2026-04-05T20:22:53.915,0.557925,0.000996,-1.600000,0,1,3.092,1.735296,0.030019
154,2026-04-05T20:22:57.031,0.557650,0.000996,-1.600000,0,1,3.085,1.735296,0.030019
155,2026-04-05T20:23:00.117,0.557375,0.000996,-1.600000,0,1,3.060,1.735296,0.030019
156,2026-04-05T20:23:03.243,0.557100,0.000996,-1.600000,0,1,3.100,1.735296,0.030019
157,2026-04-05T20:23:06.363,0.556825,0.000996,-1.600000,0,1,3.096,1.735296,0.030019
158,2026-04-05T20:23:09.316,0.556550,0.000996,-1.600000,0,1,2.929,1.735296,0.030019
159,2026-04-05T20:23:12.441,0.556275,0.000996,-1.600000,0,1,3.099,1.735296,0.030019
160,2026-04-05T20:23:15.561,0.556000,0.000996,-1.600000,0,1,3.093,1.735296,0.030019
161,2026-04-05T20:23:17.228,0.555725,0.000996,-0.600000,0,2,1.639,2.496025,0.058367
162,2026-04-05T20:23:20.335,0.555450,0.000996,-1.600000,0,1,3.083,1.735296,0.030019
163,2026-04-05T20:23:23.558,0.555175,0.000996,-1.600000,0,1,3.195,1.735296,0.030019
164,2026-04-05T20:23:26.441,0.554900,0.000996,-1.600000,0,1,2.857,1.735296,0.030019
165,2026-04-05T20:23:29.590,0.554625,0.000996,-1.600000,0,1,3.124,1.735296,0.030019
166,2026-04-05T20:23:32.713,0.554350,0.000996,-1.600000,0,1,3.098,1.735296,0.030019
167,2026-04-05T20:23:35.823,0.554075,0.000996,-1.600000,0,1,3.083,1.735296,0.030019
168,2026-04-05T20:23:38.806,0.553800,0.000996,-1.600000,0,1,2.959,1.735296,0.030019
169,2026-04-05T20:23:41.921,0.553525,0.000995,-1.600000,0,1,3.088,1.735296,0.030019
170,2026-04-05T20:23:45.010,0.553250,0.000995,-1.600000,0,1,3.058,1.735296,0.030019
171,2026-04-05T20:23:48.155,0.552975,0.000995,-1.600000,0,1,3.121,1.735296,0.030019
172,2026-04-05T20:23:49.009,0.552700,0.000995,-1.200000,0,2,0.830,2.496025,0.058367
173,2026-04-05T20:23:52.116,0.552425,0.000995,-1.600000,0,1,3.083,1.735296,0.030019
174,2026-04-05T20:23:55.104,0.552150,0.000995,-1.600000,0,1,2.963,1.735296,0.030019
175,2026-04-05T20:23:58.336,0.551875,0.000995,-1.600000,0,1,3.205,1.735296,0.030019
176,2026-04-05T20:24:01.452,0.551600,0.000995,-1.600000,0,1,3.089,1.735296,0.030019
177,2026-04-05T20:24:04.670,0.551325,0.000995,-1.600000,0,1,3.192,1.735296,0.030019
178,2026-04-05T20:24:07.889,0.551050,0.000995,-1.600000,0,1,3.194,1.735296,0.030019
179,2026-04-05T20:24:10.877,0.550775,0.000995,-1.600000,0,1,2.946,1.735296,0.030019
180,2026-04-05T20:24:13.835,0.550500,0.000995,-1.600000,0,1,2.932,1.735296,0.030019
181,2026-04-05T20:24:16.735,0.550225,0.000995,-1.600000,0,1,2.871,1.735296,0.030019
182,2026-04-05T20:24:19.846,0.549950,0.000995,-1.600000,0,1,3.084,1.735296,0.030019
183,2026-04-05T20:24:23.071,0.549675,0.000995,-1.600000,0,1,3.202,1.735296,0.030019
184,2026-04-05T20:24:26.305,0.549400,0.000995,-1.600000,0,1,3.209,1.735296,0.030019
185,2026-04-05T20:24:29.432,0.549125,0.000995,-1.600000,0,1,3.096,1.735296,0.030019
186,2026-04-05T20:24:32.529,0.548850,0.000995,-1.600000,0,1,3.060,1.735296,0.030019
187,2026-04-05T20:24:35.516,0.548575,0.000995,-2.000000,0,1,2.958,1.735296,0.030019
188,2026-04-05T20:24:38.682,0.548300,0.000995,-1.600000,0,1,3.136,1.735296,0.030019
189,2026-04-05T20:24:41.906,0.548025,0.000995,-1.600000,0,1,3.194,1.735296,0.030019
190,2026-04-05T20:24:45.002,0.547750,0.000995,-1.600000,0,1,3.043,1.735296,0.030019
191,2026-04-05T20:24:47.996,0.547475,0.000995,-2.000000,0,1,2.970,1.735296,0.030019
192,2026-04-05T20:24:51.114,0.547200,0.000995,-1.600000,0,1,3.093,1.735296,0.030019
193,2026-04-05T20:24:54.249,0.546925,0.000995,-1.600000,0,1,3.109,1.735296,0.030019
194,2026-04-05T20:24:57.434,0.546650,0.000995,-1.600000,0,1,3.155,1.735296,0.030019
195,2026-04-05T20:25:00.567,0.546375,0.000995,-1.600000,0,1,3.105,1.735296,0.030019
196,2026-04-05T20:25:03.464,0.546100,0.000995,-1.600000,0,1,2.864,1.735296,0.030019
197,2026-04-05T20:25:06.579,0.545825,0.000995,-1.600000,0,1,3.087,1.735296,0.030019
198,2026-04-05T20:25:09.784,0.545550,0.000995,-1.500000,0,1,3.168,1.735296,0.030019
199,2026-04-05T20:25:12.916,0.545275,0.000995,-1.600000,0,1,3.101,1.735296,0.030019
200,2026-04-05T20:25:15.853,0.545000,0.000995,-1.600000,0,1,2.899,1.735296,0.030019
201,2026-04-05T20:25:18.755,0.544725,0.000995,-1.600000,0,1,2.873,1.735296,0.030019
202,2026-04-05T20:25:22.184,0.544450,0.000995,-1.600000,0,1,3.398,1.735296,0.030019
203,2026-04-05T20:25:25.258,0.544175,0.000995,-1.600000,0,1,3.038,1.735296,0.030019
204,2026-04-05T20:25:28.501,0.543900,0.000995,-1.600000,0,1,3.215,1.735296,0.030019
205,2026-04-05T20:25:31.722,0.543625,0.000995,-1.600000,0,1,3.148,1.735296,0.030019
206,2026-04-05T20:25:34.890,0.543350,0.000995,-1.600000,0,1,3.117,1.735296,0.030019
207,2026-04-05T20:25:37.986,0.543075,0.000994,-1.600000,0,1,3.065,1.735296,0.030019
208,2026-04-05T20:25:41.191,0.542800,0.000994,-1.600000,0,1,3.175,1.735296,0.030019
209,2026-04-05T20:25:44.466,0.542525,0.000994,-1.600000,0,1,3.242,1.735296,0.030019
210,2026-04-05T20:25:47.441,0.542250,0.000994,-1.600000,0,1,2.938,1.735296,0.030019
211,2026-04-05T20:25:50.627,0.541975,0.000994,-1.600000,0,1,3.154,1.735296,0.030019
212,2026-04-05T20:25:53.536,0.541700,0.000994,-1.500000,0,1,2.883,1.735296,0.030019
213,2026-04-05T20:25:56.673,0.541425,0.000994,-1.000000,0,1,3.108,1.735296,0.030019
214,2026-04-05T20:25:59.741,0.541150,0.000994,-1.600000,0,1,3.034,1.735296,0.030019
215,2026-04-05T20:26:02.923,0.540875,0.000994,-1.600000,0,1,3.153,1.735296,0.030019
216,2026-04-05T20:26:06.076,0.540600,0.000994,-1.500000,0,1,3.128,1.735296,0.030019
217,2026-04-05T20:26:09.206,0.540325,0.000994,-1.600000,0,1,3.106,1.735296,0.030019
218,2026-04-05T20:26:12.321,0.540050,0.000994,-2.000000,0,1,3.090,1.735296,0.030019
219,2026-04-05T20:26:15.537,0.539775,0.000994,-1.600000,0,1,3.194,1.735296,0.030019
220,2026-04-05T20:26:18.421,0.539500,0.000994,-1.600000,0,1,2.854,1.735296,0.030019
221,2026-04-05T20:26:21.534,0.539225,0.000994,-1.600000,0,1,3.086,1.735296,0.030019
222,2026-04-05T20:26:24.518,0.538950,0.000994,-2.000000,0,1,2.959,1.735296,0.030019
223,2026-04-05T20:26:27.633,0.538675,0.000994,-1.600000,0,1,3.086,1.735296,0.030019
224,2026-04-05T20:26:30.852,0.538400,0.000994,-1.600000,0,1,3.195,1.735296,0.030019
225,2026-04-05T20:26:33.751,0.538125,0.000994,-1.600000,0,1,2.873,1.735296,0.030019
226,2026-04-05T20:26:36.937,0.537850,0.000994,-1.600000,0,1,3.161,1.735296,0.030019
227,2026-04-05T20:26:40.106,0.537575,0.000994,-1.600000,0,1,3.134,1.735296,0.030019
228,2026-04-05T20:26:43.270,0.537300,0.000994,-1.600000,0,1,3.133,1.735296,0.030019
229,2026-04-05T20:26:46.441,0.537025,0.000994,-1.600000,0,1,3.146,1.735296,0.030019
230,2026-04-05T20:26:49.509,0.536750,0.000994,-1.600000,0,1,3.041,1.735296,0.030019
231,2026-04-05T20:26:52.726,0.536475,0.000994,-1.600000,0,1,3.193,1.735296,0.030019
232,2026-04-05T20:26:55.890,0.536200,0.000994,-1.600000,0,1,3.138,1.735296,0.030019
233,2026-04-05T20:26:59.083,0.535925,0.000994,-1.600000,0,1,3.165,1.735296,0.030019
234,2026-04-05T20:27:02.185,0.535650,0.000994,-1.000000,0,1,3.076,1.735296,0.030019
235,2026-04-05T20:27:05.270,0.535375,0.000994,-1.600000,0,1,3.061,1.735296,0.030019
236,2026-04-05T20:27:08.428,0.535100,0.000994,-1.600000,0,1,3.133,1.735296,0.030019
237,2026-04-05T20:27:11.528,0.534825,0.000994,-1.600000,0,1,3.074,1.735296,0.030019
238,2026-04-05T20:27:14.628,0.534550,0.000994,-1.600000,0,1,3.077,1.735296,0.030019
239,2026-04-05T20:27:17.511,0.534275,0.000994,-1.600000,0,1,2.859,1.735296,0.030019
240,2026-04-05T20:27:20.652,0.534000,0.000994,-1.600000,0,1,3.111,1.735296,0.030019
241,2026-04-05T20:27:23.878,0.533725,0.000994,-1.600000,0,1,3.200,1.735296,0.030019
242,2026-04-05T20:27:26.761,0.533450,0.000994,-1.600000,0,1,2.858,1.735296,0.030019
243,2026-04-05T20:27:29.077,0.533175,0.000994,-0.600000,0,2,2.291,2.496025,0.058367
244,2026-04-05T20:27:32.064,0.532900,0.000993,-1.600000,0,1,2.960,1.735296,0.030019
245,2026-04-05T20:27:34.963,0.532625,0.000993,-1.600000,0,1,2.863,1.735296,0.030019
246,2026-04-05T20:27:37.992,0.532350,0.000993,-1.600000,0,1,2.998,1.735296,0.030019
247,2026-04-05T20:27:40.896,0.532075,0.000993,-1.500000,0,1,2.876,1.735296,0.030019
248,2026-04-05T20:27:44.095,0.531800,0.000993,-1.500000,0,1,3.170,1.735296,0.030019
249,2026-04-05T20:27:46.992,0.531525,0.000993,-1.600000,0,1,2.870,1.735296,0.030019
250,2026-04-05T20:27:50.210,0.531250,0.000993,-1.600000,0,1,3.191,1.735296,0.030019
251,2026-04-05T20:27:53.444,0.530975,0.000993,-1.600000,0,1,3.209,1.735296,0.030019
252,2026-04-05T20:27:56.574,0.530700,0.000993,-1.600000,0,1,3.105,1.735296,0.030019
253,2026-04-05T20:27:59.692,0.530425,0.000993,-1.600000,0,1,3.092,1.735296,0.030019
254,2026-04-05T20:28:02.920,0.530150,0.000993,-1.600000,0,1,3.203,1.735296,0.030019
255,2026-04-05T20:28:06.146,0.529875,0.000993,-1.600000,0,1,3.199,1.735296,0.030019
256,2026-04-05T20:28:09.167,0.529600,0.000993,-1.600000,0,1,2.995,1.735296,0.030019
257,2026-04-05T20:28:12.370,0.529325,0.000993,-1.600000,0,1,3.175,1.735296,0.030019
258,2026-04-05T20:28:15.351,0.529050,0.000993,-1.600000,0,1,2.956,1.735296,0.030019
259,2026-04-05T20:28:18.349,0.528775,0.000993,-1.600000,0,1,2.971,1.735296,0.030019
260,2026-04-05T20:28:21.471,0.528500,0.000993,-1.600000,0,1,3.095,1.735296,0.030019
261,2026-04-05T20:28:24.568,0.528225,0.000993,-1.600000,0,1,3.071,1.735296,0.030019
262,2026-04-05T20:28:25.399,0.527950,0.000993,-1.200000,0,2,0.803,2.496025,0.058367
263,2026-04-05T20:28:28.487,0.527675,0.000993,-1.600000,0,1,3.056,1.735296,0.030019
264,2026-04-05T20:28:31.615,0.527400,0.000993,-1.600000,0,1,3.102,1.735296,0.030019
265,2026-04-05T20:28:34.621,0.527125,0.000993,-1.600000,0,1,2.980,1.735296,0.030019
266,2026-04-05T20:28:37.833,0.526850,0.000993,-1.000000,0,1,3.189,1.735296,0.030019
267,2026-04-05T20:28:40.818,0.526575,0.000993,-2.000000,0,1,2.960,1.735296,0.030019
268,2026-04-05T20:28:43.912,0.526300,0.000993,-1.600000,0,1,3.070,1.735296,0.030019
269,2026-04-05T20:28:47.043,0.526025,0.000993,-1.600000,0,1,3.101,1.735296,0.030019
270,2026-04-05T20:28:49.972,0.525750,0.000993,-1.600000,0,1,2.894,1.735296,0.030019
271,2026-04-05T20:28:52.433,0.525475,0.000993,-1.200000,0,2,2.429,2.496025,0.058367
272,2026-04-05T20:28:55.315,0.525200,0.000993,-1.600000,0,1,2.857,1.735296,0.030019
273,2026-04-05T20:28:58.424,0.524925,0.000993,-1.600000,0,1,3.085,1.735296,0.030019
274,2026-04-05T20:29:01.414,0.524650,0.000993,-1.600000,0,1,2.963,1.735296,0.030019
275,2026-04-05T20:29:04.564,0.524375,0.000993,-1.600000,0,1,3.125,1.735296,0.030019
276,2026-04-05T20:29:07.782,0.524100,0.000993,-1.600000,0,1,3.191,1.735296,0.030019
277,2026-04-05T20:29:10.962,0.523825,0.000993,-1.600000,0,1,3.149,1.735296,0.030019
278,2026-04-05T20:29:14.098,0.523550,0.000993,-1.600000,0,1,3.100,1.735296,0.030019
279,2026-04-05T20:29:17.314,0.523275,0.000993,-1.600000,0,1,3.191,1.735296,0.030019
280,2026-04-05T20:29:20.432,0.523000,0.000993,-1.600000,0,1,3.092,1.735296,0.030019
281,2026-04-05T20:29:23.511,0.522725,0.000993,-1.600000,0,1,3.048,1.735296,0.030019
282,2026-04-05T20:29:26.426,0.522450,0.000992,-1.600000,0,1,2.886,1.735296,0.030019
283,2026-04-05T20:29:29.628,0.522175,0.000992,-1.600000,0,1,3.175,1.735296,0.030019
284,2026-04-05T20:29:32.723,0.521900,0.000992,-1.600000,0,1,3.066,1.735296,0.030019
285,2026-04-05T20:29:35.845,0.521625,0.000992,-1.600000,0,1,3.094,1.735296,0.030019
286,2026-04-05T20:29:38.964,0.521350,0.000992,-2.000000,0,1,3.093,1.735296,0.030019
287,2026-04-05T20:29:42.080,0.521075,0.000992,-1.600000,0,1,3.093,1.735296,0.030019
288,2026-04-05T20:29:45.061,0.520800,0.000992,-1.600000,0,1,2.959,1.735296,0.030019
289,2026-04-05T20:29:48.159,0.520525,0.000992,-1.600000,0,1,3.072,1.735296,0.030019
290,2026-04-05T20:29:51.127,0.520250,0.000992,-1.600000,0,1,2.936,1.735296,0.030019
291,2026-04-05T20:29:54.243,0.519975,0.000992,-1.600000,0,1,3.089,1.735296,0.030019
292,2026-04-05T20:29:57.370,0.519700,0.000992,-2.000000,0,1,3.100,1.735296,0.030019
293,2026-04-05T20:30:00.260,0.519425,0.000992,-1.600000,0,1,2.866,1.735296,0.030019
294,2026-04-05T20:30:03.479,0.519150,0.000992,-1.600000,0,1,3.188,1.735296,0.030019
295,2026-04-05T20:30:06.643,0.518875,0.000992,-1.600000,0,1,3.142,1.735296,0.030019
296,2026-04-05T20:30:09.599,0.518600,0.000992,-2.000000,0,1,2.933,1.735296,0.030019
297,2026-04-05T20:30:12.710,0.518325,0.000992,-1.600000,0,1,3.088,1.735296,0.030019
298,2026-04-05T20:30:15.842,0.518050,0.000992,-1.600000,0,1,3.105,1.735296,0.030019
299,2026-04-05T20:30:19.012,0.517775,0.000992,-2.000000,0,1,3.145,1.735296,0.030019
300,2026-04-05T20:30:23.708,0.517500,0.000992,-1.600000,0,1,4.655,1.735296,0.030019
301,2026-04-05T20:30:26.885,0.517225,0.000992,-1.600000,0,1,3.152,1.735296,0.030019
302,2026-04-05T20:30:29.990,0.516950,0.000992,-1.600000,0,1,3.075,1.735296,0.030019
303,2026-04-05T20:30:33.105,0.516675,0.000992,-1.600000,0,1,3.093,1.735296,0.030019
304,2026-04-05T20:30:35.974,0.516400,0.000992,-1.600000,0,1,2.848,1.735296,0.030019
305,2026-04-05T20:30:39.074,0.516125,0.000992,-1.600000,0,1,3.075,1.735296,0.030019
306,2026-04-05T20:30:42.176,0.515850,0.000992,-1.600000,0,1,3.079,1.735296,0.030019
307,2026-04-05T20:30:45.063,0.515575,0.000992,-1.600000,0,1,2.865,1.735296,0.030019
308,2026-04-05T20:30:48.264,0.515300,0.000992,-1.600000,0,1,3.173,1.735296,0.030019
309,2026-04-05T20:30:51.474,0.515025,0.000992,-1.600000,0,1,3.183,1.735296,0.030019
310,2026-04-05T20:30:54.397,0.514750,0.000992,-1.600000,0,1,2.896,1.735296,0.030019
311,2026-04-05T20:30:57.505,0.514475,0.000992,-1.600000,0,1,3.086,1.735296,0.030019
312,2026-04-05T20:31:00.683,0.514200,0.000992,-1.600000,0,1,3.155,1.735296,0.030019
313,2026-04-05T20:31:03.797,0.513925,0.000992,-1.600000,0,1,3.089,1.735296,0.030019
314,2026-04-05T20:31:06.968,0.513650,0.000992,-1.600000,0,1,3.150,1.735296,0.030019
315,2026-04-05T20:31:10.138,0.513375,0.000992,-1.600000,0,1,3.149,1.735296,0.030019
316,2026-04-05T20:31:13.122,0.513100,0.000992,-1.600000,0,1,2.961,1.735296,0.030019
317,2026-04-05T20:31:16.338,0.512825,0.000992,-1.600000,0,1,3.189,1.735296,0.030019
318,2026-04-05T20:31:19.473,0.512550,0.000992,-1.600000,0,1,3.110,1.735296,0.030019
319,2026-04-05T20:31:22.577,0.512275,0.000991,-1.600000,0,1,3.079,1.735296,0.030019
320,2026-04-05T20:31:25.789,0.512000,0.000991,-1.600000,0,1,3.190,1.735296,0.030019
321,2026-04-05T20:31:28.941,0.511725,0.000991,-1.600000,0,1,3.129,1.735296,0.030019
322,2026-04-05T20:31:31.802,0.511450,0.000991,-1.600000,0,1,2.838,1.735296,0.030019
323,2026-04-05T20:31:34.934,0.511175,0.000991,-1.600000,0,1,3.110,1.735296,0.030019
324,2026-04-05T20:31:38.014,0.510900,0.000991,-1.600000,0,1,3.044,1.735296,0.030019
325,2026-04-05T20:31:41.199,0.510625,0.000991,-1.600000,0,1,3.159,1.735296,0.030019
326,2026-04-05T20:31:44.243,0.510350,0.000991,-1.600000,0,1,3.011,1.735296,0.030019
327,2026-04-05T20:31:47.394,0.510075,0.000991,-1.600000,0,1,3.126,1.735296,0.030019
328,2026-04-05T20:31:50.360,0.509800,0.000991,-1.600000,0,1,2.943,1.735296,0.030019
329,2026-04-05T20:31:53.563,0.509525,0.000991,-1.600000,0,1,3.182,1.735296,0.030019
330,2026-04-05T20:31:56.655,0.509250,0.000991,-1.600000,0,1,3.069,1.735296,0.030019
331,2026-04-05T20:31:59.664,0.508975,0.000991,-1.600000,0,1,2.986,1.735296,0.030019
332,2026-04-05T20:32:02.809,0.508700,0.000991,-1.600000,0,1,3.121,1.735296,0.030019
333,2026-04-05T20:32:05.879,0.508425,0.000991,-1.600000,0,1,3.048,1.735296,0.030019
334,2026-04-05T20:32:09.068,0.508150,0.000991,-1.600000,0,1,3.164,1.735296,0.030019
335,2026-04-05T20:32:12.166,0.507875,0.000991,-1.600000,0,1,3.071,1.735296,0.030019
336,2026-04-05T20:32:15.378,0.507600,0.000991,-1.600000,0,1,3.189,1.735296,0.030019
337,2026-04-05T20:32:18.587,0.507325,0.000991,-1.600000,0,1,3.187,1.735296,0.030019
338,2026-04-05T20:32:21.661,0.507050,0.000991,-1.600000,0,1,3.050,1.735296,0.030019
339,2026-04-05T20:32:24.641,0.506775,0.000991,-1.600000,0,1,2.959,1.735296,0.030019
340,2026-04-05T20:32:27.753,0.506500,0.000991,-1.600000,0,1,3.089,1.735296,0.030019
341,2026-04-05T20:32:30.897,0.506225,0.000991,-2.000000,0,1,3.121,1.735296,0.030019
342,2026-04-05T20:32:34.106,0.505950,0.000991,-2.000000,0,1,3.185,1.735296,0.030019
343,2026-04-05T20:32:37.252,0.505675,0.000991,-1.600000,0,1,3.121,1.735296,0.030019
344,2026-04-05T20:32:40.467,0.505400,0.000991,-1.600000,0,1,3.189,1.735296,0.030019
345,2026-04-05T20:32:43.575,0.505125,0.000991,-1.600000,0,1,3.085,1.735296,0.030019
346,2026-04-05T20:32:46.489,0.504850,0.000991,-1.600000,0,1,2.891,1.735296,0.030019
347,2026-04-05T20:32:49.577,0.504575,0.000991,-1.600000,0,1,3.066,1.735296,0.030019
348,2026-04-05T20:32:52.507,0.504300,0.000991,-1.600000,0,1,2.908,1.735296,0.030019
349,2026-04-05T20:32:53.364,0.504025,0.000991,-1.200000,0,2,0.834,2.496025,0.058367
350,2026-04-05T20:32:56.471,0.503750,0.000991,-1.600000,0,1,3.083,1.735296,0.030019
351,2026-04-05T20:32:59.575,0.503475,0.000991,-1.600000,0,1,3.082,1.735296,0.030019
352,2026-04-05T20:33:02.767,0.503200,0.000991,-1.600000,0,1,3.170,1.735296,0.030019
353,2026-04-05T20:33:05.878,0.502925,0.000991,-1.600000,0,1,3.085,1.735296,0.030019
354,2026-04-05T20:33:08.809,0.502650,0.000991,-1.600000,0,1,2.906,1.735296,0.030019
355,2026-04-05T20:33:11.908,0.502375,0.000991,-1.600000,0,1,3.072,1.735296,0.030019
356,2026-04-05T20:33:15.099,0.502100,0.000991,-1.600000,0,1,3.169,1.735296,0.030019
357,2026-04-05T20:33:18.213,0.501825,0.000990,-1.600000,0,1,3.093,1.735296,0.030019
358,2026-04-05T20:33:21.324,0.501550,0.000990,-1.600000,0,1,3.085,1.735296,0.030019
359,2026-04-05T20:33:24.293,0.501275,0.000990,-1.600000,0,1,2.946,1.735296,0.030019
360,2026-04-05T20:33:27.403,0.501000,0.000990,-1.600000,0,1,3.086,1.735296,0.030019
361,2026-04-05T20:33:30.513,0.500725,0.000990,-1.600000,0,1,3.082,1.735296,0.030019
362,2026-04-05T20:33:33.462,0.500450,0.000990,-2.000000,0,1,2.926,1.735296,0.030019
363,2026-04-05T20:33:36.604,0.500175,0.000990,-1.600000,0,1,3.117,1.735296,0.030019
364,2026-04-05T20:33:39.804,0.499900,0.000990,-1.600000,0,1,3.175,1.735296,0.030019
365,2026-04-05T20:33:43.002,0.499625,0.000990,-1.600000,0,1,3.174,1.735296,0.030019
366,2026-04-05T20:33:46.114,0.499350,0.000990,-1.600000,0,1,3.082,1.735296,0.030019
367,2026-04-05T20:33:49.101,0.499075,0.000990,-1.600000,0,1,2.956,1.735296,0.030019
368,2026-04-05T20:33:51.977,0.498800,0.000990,-1.000000,0,1,2.855,1.735296,0.030019
369,2026-04-05T20:33:55.114,0.498525,0.000990,-1.600000,0,1,3.111,1.735296,0.030019
370,2026-04-05T20:33:58.319,0.498250,0.000990,-1.600000,0,1,3.181,1.735296,0.030019
371,2026-04-05T20:34:01.187,0.497975,0.000990,-1.600000,0,1,2.847,1.735296,0.030019
372,2026-04-05T20:34:04.321,0.497700,0.000990,-1.600000,0,1,3.113,1.735296,0.030019
373,2026-04-05T20:34:07.401,0.497425,0.000990,-1.600000,0,1,3.056,1.735296,0.030019
374,2026-04-05T20:34:10.516,0.497150,0.000990,-1.600000,0,1,3.089,1.735296,0.030019
375,2026-04-05T20:34:13.473,0.496875,0.000990,-1.600000,0,1,2.927,1.735296,0.030019
376,2026-04-05T20:34:16.461,0.496600,0.000990,-1.600000,0,1,2.959,1.735296,0.030019
377,2026-04-05T20:34:19.678,0.496325,0.000990,-1.600000,0,1,3.190,1.735296,0.030019
378,2026-04-05T20:34:22.855,0.496050,0.000990,-1.600000,0,1,3.155,1.735296,0.030019
379,2026-04-05T20:34:26.021,0.495775,0.000990,-1.600000,0,1,3.141,1.735296,0.030019
380,2026-04-05T20:34:29.099,0.495500,0.000990,-1.600000,0,1,3.056,1.735296,0.030019
381,2026-04-05T20:34:32.304,0.495225,0.000990,-1.600000,0,1,3.182,1.735296,0.030019
382,2026-04-05T20:34:35.950,0.494950,0.000990,-1.600000,0,1,3.623,1.735296,0.030019
383,2026-04-05T20:34:39.080,0.494675,0.000990,-1.600000,0,1,3.105,1.735296,0.030019
384,2026-04-05T20:34:42.191,0.494400,0.000990,-1.600000,0,1,3.077,1.735296,0.030019
385,2026-04-05T20:34:45.226,0.494125,0.000990,-1.600000,0,1,3.008,1.735296,0.030019
386,2026-04-05T20:34:48.456,0.493850,0.000990,-1.600000,0,1,3.200,1.735296,0.030019
387,2026-04-05T20:34:51.685,0.493575,0.000990,-1.600000,0,1,3.206,1.735296,0.030019
388,2026-04-05T20:34:54.800,0.493300,0.000990,-1.600000,0,1,3.083,1.735296,0.030019
389,2026-04-05T20:34:57.685,0.493025,0.000990,-1.600000,0,1,2.862,1.735296,0.030019
390,2026-04-05T20:35:00.669,0.492750,0.000990,-1.600000,0,1,2.962,1.735296,0.030019
391,2026-04-05T20:35:03.660,0.492475,0.000990,-1.600000,0,1,2.963,1.735296,0.030019
392,2026-04-05T20:35:06.783,0.492200,0.000990,-1.600000,0,1,3.094,1.735296,0.030019
393,2026-04-05T20:35:09.785,0.491925,0.000990,-1.600000,0,1,2.978,1.735296,0.030019
394,2026-04-05T20:35:12.913,0.491650,0.000989,-1.600000,0,1,3.102,1.735296,0.030019
395,2026-04-05T20:35:16.096,0.491375,0.000989,-1.500000,0,1,3.158,1.735296,0.030019
396,2026-04-05T20:35:19.212,0.491100,0.000989,-1.600000,0,1,3.089,1.735296,0.030019
397,2026-04-05T20:35:22.117,0.490825,0.000989,-1.600000,0,1,2.877,1.735296,0.030019
398,2026-04-05T20:35:25.040,0.490550,0.000989,-1.600000,0,1,2.886,1.735296,0.030019
399,2026-04-05T20:35:28.218,0.490275,0.000989,-1.600000,0,1,3.145,1.735296,0.030019
400,2026-04-05T20:35:31.346,0.490000,0.000989,-1.600000,0,1,3.087,1.735296,0.030019
401,2026-04-05T20:35:35.024,0.489725,0.000989,-1.600000,0,1,3.647,1.735296,0.030019
402,2026-04-05T20:35:43.314,0.489450,0.000989,-1.600000,0,1,7.703,1.735296,0.030019
403,2026-04-05T20:35:47.013,0.489175,0.000989,-1.600000,0,1,3.561,1.735296,0.030019
404,2026-04-05T20:35:51.248,0.488900,0.000989,-1.600000,0,1,4.188,1.735296,0.030019
405,2026-04-05T20:35:54.529,0.488625,0.000989,-1.600000,0,1,3.227,1.735296,0.030019
406,2026-04-05T20:35:57.550,0.488350,0.000989,-1.600000,0,1,2.996,1.735296,0.030019
407,2026-04-05T20:36:00.790,0.488075,0.000989,-1.600000,0,1,3.214,1.735296,0.030019
408,2026-04-05T20:36:03.925,0.487800,0.000989,-1.600000,0,1,3.111,1.735296,0.030019
409,2026-04-05T20:36:07.048,0.487525,0.000989,-1.600000,0,1,3.095,1.735296,0.030019
410,2026-04-05T20:36:10.144,0.487250,0.000989,-1.600000,0,1,3.057,1.735296,0.030019
411,2026-04-05T20:36:13.273,0.486975,0.000989,-1.600000,0,1,3.086,1.735296,0.030019
412,2026-04-05T20:36:16.404,0.486700,0.000989,-1.600000,0,1,3.105,1.735296,0.030019
413,2026-04-05T20:36:19.292,0.486425,0.000989,-1.600000,0,1,2.861,1.735296,0.030019
414,2026-04-05T20:36:22.421,0.486150,0.000989,-1.600000,0,1,3.104,1.735296,0.030019
415,2026-04-05T20:36:25.438,0.485875,0.000989,-1.600000,0,1,2.991,1.735296,0.030019
416,2026-04-05T20:36:28.546,0.485600,0.000989,-1.600000,0,1,3.085,1.735296,0.030019
417,2026-04-05T20:36:31.760,0.485325,0.000989,-1.600000,0,1,3.187,1.735296,0.030019
418,2026-04-05T20:36:34.920,0.485050,0.000989,-1.600000,0,1,3.131,1.735296,0.030019
419,2026-04-05T20:36:38.020,0.484775,0.000989,-1.600000,0,1,3.065,1.735296,0.030019
420,2026-04-05T20:36:41.123,0.484500,0.000989,-1.600000,0,1,3.077,1.735296,0.030019
421,2026-04-05T20:36:44.338,0.484225,0.000989,-1.600000,0,1,3.190,1.735296,0.030019
422,2026-04-05T20:36:47.467,0.483950,0.000989,-1.600000,0,1,3.097,1.735296,0.030019
423,2026-04-05T20:36:50.626,0.483675,0.000989,-1.600000,0,1,3.134,1.735296,0.030019
424,2026-04-05T20:36:53.763,0.483400,0.000989,-1.600000,0,1,3.107,1.735296,0.030019
425,2026-04-05T20:36:56.791,0.483125,0.000989,-1.600000,0,1,3.001,1.735296,0.030019
426,2026-04-05T20:36:59.676,0.482850,0.000989,-1.600000,0,1,2.850,1.735296,0.030019
427,2026-04-05T20:37:02.792,0.482575,0.000989,-1.600000,0,1,3.085,1.735296,0.030019
428,2026-04-05T20:37:05.891,0.482300,0.000989,-1.000000,0,1,3.068,1.735296,0.030019
429,2026-04-05T20:37:09.078,0.482025,0.000989,-1.600000,0,1,3.156,1.735296,0.030019
430,2026-04-05T20:37:12.077,0.481750,0.000989,-1.600000,0,1,2.970,1.735296,0.030019
431,2026-04-05T20:37:15.243,0.481475,0.000989,-1.600000,0,1,3.139,1.735296,0.030019
432,2026-04-05T20:37:18.474,0.481200,0.000988,-1.000000,0,1,3.205,1.735296,0.030019
433,2026-04-05T20:37:21.340,0.480925,0.000988,-1.600000,0,1,2.837,1.735296,0.030019
434,2026-04-05T20:37:24.468,0.480650,0.000988,-1.600000,0,1,3.099,1.735296,0.030019
435,2026-04-05T20:37:27.621,0.480375,0.000988,-1.600000,0,1,3.119,1.735296,0.030019
436,2026-04-05T20:37:30.688,0.480100,0.000988,-1.600000,0,1,3.040,1.735296,0.030019
437,2026-04-05T20:37:33.725,0.479825,0.000988,-1.600000,0,1,3.004,1.735296,0.030019
438,2026-04-05T20:37:36.920,0.479550,0.000988,-1.600000,0,1,3.167,1.735296,0.030019
439,2026-04-05T20:37:40.007,0.479275,0.000988,-2.000000,0,1,3.055,1.735296,0.030019
440,2026-04-05T20:37:43.098,0.479000,0.000988,-1.600000,0,1,3.062,1.735296,0.030019
441,2026-04-05T20:37:46.033,0.478725,0.000988,-1.500000,0,1,2.907,1.735296,0.030019
442,2026-04-05T20:37:49.171,0.478450,0.000988,-1.600000,0,1,3.110,1.735296,0.030019
443,2026-04-05T20:37:52.221,0.478175,0.000988,-1.600000,0,1,3.017,1.735296,0.030019
444,2026-04-05T20:37:55.261,0.477900,0.000988,-1.000000,0,1,3.015,1.735296,0.030019
445,2026-04-05T20:37:58.478,0.477625,0.000988,-1.600000,0,1,3.190,1.735296,0.030019
446,2026-04-05T20:38:01.591,0.477350,0.000988,-1.600000,0,1,3.088,1.735296,0.030019
447,2026-04-05T20:38:04.587,0.477075,0.000988,-1.600000,0,1,2.965,1.735296,0.030019
448,2026-04-05T20:38:07.692,0.476800,0.000988,-1.600000,0,1,3.077,1.735296,0.030019
449,2026-04-05T20:38:10.747,0.476525,0.000988,-1.600000,0,1,3.030,1.735296,0.030019
450,2026-04-05T20:38:13.565,0.476250,0.000988,-1.600000,0,1,2.783,1.735296,0.030019
451,2026-04-05T20:38:16.061,0.475975,0.000988,-1.600000,0,1,2.457,1.735296,0.030019
452,2026-04-05T20:38:18.786,0.475700,0.000988,-1.600000,0,1,2.645,1.735296,0.030019
453,2026-04-05T20:38:22.460,0.475425,0.000988,-2.000000,0,1,3.635,1.735296,0.030019
454,2026-04-05T20:38:25.565,0.475150,0.000988,-1.600000,0,1,3.072,1.735296,0.030019
455,2026-04-05T20:38:28.414,0.474875,0.000988,-1.600000,0,1,2.817,1.735296,0.030019
456,2026-04-05T20:38:32.059,0.474600,0.000988,-1.600000,0,1,3.610,1.735296,0.030019
457,2026-04-05T20:38:35.436,0.474325,0.000988,-1.600000,0,1,3.341,1.735296,0.030019
458,2026-04-05T20:38:40.639,0.474050,0.000988,-1.600000,0,1,5.174,1.735296,0.030019
459,2026-04-05T20:38:43.942,0.473775,0.000988,-1.600000,0,1,3.237,1.735296,0.030019
460,2026-04-05T20:38:47.136,0.473500,0.000988,-1.600000,0,1,3.163,1.735296,0.030019
461,2026-04-05T20:38:51.894,0.473225,0.000988,-1.600000,0,1,4.600,1.735296,0.030019
462,2026-04-05T20:38:55.019,0.472950,0.000988,-1.600000,0,1,3.092,1.735296,0.030019
463,2026-04-05T20:38:57.904,0.472675,0.000988,-1.600000,0,1,2.852,1.735296,0.030019
464,2026-04-05T20:39:01.104,0.472400,0.000988,-1.600000,0,1,3.175,1.735296,0.030019
465,2026-04-05T20:39:04.277,0.472125,0.000988,-1.600000,0,1,3.150,1.735296,0.030019
466,2026-04-05T20:39:08.459,0.471850,0.000988,-1.600000,0,1,4.158,1.735296,0.030019
467,2026-04-05T20:39:12.053,0.471575,0.000988,-1.600000,0,1,3.562,1.735296,0.030019
468,2026-04-05T20:39:15.080,0.471300,0.000988,-1.600000,0,1,2.987,1.735296,0.030019
469,2026-04-05T20:39:19.544,0.471025,0.000987,-1.600000,0,1,4.356,1.735296,0.030019
470,2026-04-05T20:39:22.509,0.470750,0.000987,-1.600000,0,1,2.935,1.735296,0.030019
471,2026-04-05T20:39:25.506,0.470475,0.000987,-2.000000,0,1,2.877,1.735296,0.030019
472,2026-04-05T20:39:32.009,0.470200,0.000987,-1.600000,0,1,6.447,1.735296,0.030019
473,2026-04-05T20:39:35.166,0.469925,0.000987,-1.600000,0,1,3.131,1.735296,0.030019
474,2026-04-05T20:39:38.416,0.469650,0.000987,-1.600000,0,1,3.221,1.735296,0.030019
475,2026-04-05T20:39:41.992,0.469375,0.000987,-1.600000,0,1,3.552,1.735296,0.030019
476,2026-04-05T20:39:44.985,0.469100,0.000987,-1.600000,0,1,2.968,1.735296,0.030019
477,2026-04-05T20:39:48.098,0.468825,0.000987,-2.000000,0,1,3.084,1.735296,0.030019
478,2026-04-05T20:39:52.677,0.468550,0.000987,-1.600000,0,1,4.510,1.735296,0.030019
479,2026-04-05T20:39:55.361,0.468275,0.000987,-1.600000,0,1,2.540,1.735296,0.030019
480,2026-04-05T20:39:58.392,0.468000,0.000987,-1.600000,0,1,2.994,1.735296,0.030019
481,2026-04-05T20:40:01.570,0.467725,0.000987,-1.600000,0,1,3.153,1.735296,0.030019
482,2026-04-05T20:40:04.461,0.467450,0.000987,-1.600000,0,1,2.858,1.735296,0.030019
483,2026-04-05T20:40:08.030,0.467175,0.000987,-1.600000,0,1,3.426,1.735296,0.030019
484,2026-04-05T20:40:12.247,0.466900,0.000987,-1.600000,0,1,4.186,1.735296,0.030019
485,2026-04-05T20:40:15.441,0.466625,0.000987,-1.600000,0,1,3.133,1.735296,0.030019
486,2026-04-05T20:40:18.598,0.466350,0.000987,-1.600000,0,1,3.129,1.735296,0.030019
487,2026-04-05T20:40:21.664,0.466075,0.000987,-1.600000,0,1,3.020,1.735296,0.030019
488,2026-04-05T20:40:26.909,0.465800,0.000987,-1.600000,0,1,5.049,1.735296,0.030019
489,2026-04-05T20:40:30.008,0.465525,0.000987,-1.600000,0,1,3.066,1.735296,0.030019
490,2026-04-05T20:40:33.148,0.465250,0.000987,-1.600000,0,1,3.114,1.735296,0.030019
491,2026-04-05T20:40:36.791,0.464975,0.000987,-1.600000,0,1,3.615,1.735296,0.030019
492,2026-04-05T20:40:39.878,0.464700,0.000987,-1.600000,0,1,3.053,1.735296,0.030019
493,2026-04-05T20:40:43.007,0.464425,0.000987,-1.600000,0,1,3.101,1.735296,0.030019
494,2026-04-05T20:40:45.893,0.464150,0.000987,-1.600000,0,1,2.855,1.735296,0.030019
495,2026-04-05T20:40:48.890,0.463875,0.000987,-1.600000,0,1,2.969,1.735296,0.030019
496,2026-04-05T20:40:52.142,0.463600,0.000987,-1.600000,0,1,3.222,1.735296,0.030019
497,2026-04-05T20:40:57.814,0.463325,0.000987,-1.600000,0,1,5.634,1.735296,0.030019
498,2026-04-05T20:41:03.092,0.463050,0.000987,-1.600000,0,1,5.186,1.735296,0.030019
499,2026-04-05T20:41:07.343,0.462775,0.000987,-1.600000,0,1,3.851,1.735296,0.030019
500,2026-04-05T20:41:10.678,0.462500,0.000987,-2.000000,0,1,3.200,1.735296,0.030019
501,2026-04-05T20:41:14.137,0.462225,0.000987,-1.600000,0,1,3.392,1.735296,0.030019
502,2026-04-05T20:41:20.984,0.461950,0.000987,-1.600000,0,1,6.757,1.735296,0.030019
503,2026-04-05T20:41:23.781,0.461675,0.000987,-1.600000,0,1,2.756,1.735296,0.030019
504,2026-04-05T20:41:28.909,0.461400,0.000987,-1.600000,0,1,5.011,1.735296,0.030019
505,2026-04-05T20:41:44.881,0.461125,0.000987,-1.600000,0,1,15.901,1.735296,0.030019
506,2026-04-05T20:41:49.000,0.460850,0.000987,-1.600000,0,1,3.599,1.735296,0.030019
507,2026-04-05T20:41:52.703,0.460575,0.000986,-1.600000,0,1,3.659,1.735296,0.030019
508,2026-04-05T20:41:58.492,0.460300,0.000986,-1.600000,0,1,5.738,1.735296,0.030019
509,2026-04-05T20:42:01.716,0.460025,0.000986,-1.600000,0,1,3.185,1.735296,0.030019
510,2026-04-05T20:42:04.861,0.459750,0.000986,-1.600000,0,1,3.111,1.735296,0.030019
511,2026-04-05T20:42:08.129,0.459475,0.000986,-1.600000,0,1,3.240,1.735296,0.030019
512,2026-04-05T20:42:12.769,0.459200,0.000986,-1.600000,0,1,4.610,1.735296,0.030019
513,2026-04-05T20:42:15.906,0.458925,0.000986,-1.600000,0,1,3.108,1.735296,0.030019
514,2026-04-05T20:42:19.031,0.458650,0.000986,-2.000000,0,1,3.099,1.735296,0.030019
515,2026-04-05T20:42:21.980,0.458375,0.000986,-1.600000,0,1,2.888,1.735296,0.030019
516,2026-04-05T20:42:24.921,0.458100,0.000986,-1.600000,0,1,2.915,1.735296,0.030019
517,2026-04-05T20:42:30.314,0.457825,0.000986,-1.600000,0,1,5.361,1.735296,0.030019
518,2026-04-05T20:42:33.454,0.457550,0.000986,-1.600000,0,1,3.112,1.735296,0.030019
519,2026-04-05T20:42:36.366,0.457275,0.000986,-1.600000,0,1,2.886,1.735296,0.030019
520,2026-04-05T20:42:39.229,0.457000,0.000986,-2.000000,0,1,2.836,1.735296,0.030019
521,2026-04-05T20:42:42.371,0.456725,0.000986,-1.600000,0,1,3.110,1.735296,0.030019
522,2026-04-05T20:42:45.465,0.456450,0.000986,-1.600000,0,1,3.066,1.735296,0.030019
523,2026-04-05T20:42:48.424,0.456175,0.000986,-1.600000,0,1,2.935,1.735296,0.030019
524,2026-04-05T20:42:51.450,0.455900,0.000986,-1.600000,0,1,3.001,1.735296,0.030019
525,2026-04-05T20:42:54.566,0.455625,0.000986,-1.600000,0,1,3.084,1.735296,0.030019
526,2026-04-05T20:42:55.389,0.455350,0.000986,-1.600000,0,2,0.798,2.496025,0.058367
527,2026-04-05T20:42:58.546,0.455075,0.000986,-1.600000,0,1,3.131,1.735296,0.030019
528,2026-04-05T20:43:01.772,0.454800,0.000986,-1.600000,0,1,3.201,1.735296,0.030019
529,2026-04-05T20:43:04.882,0.454525,0.000986,-1.600000,0,1,3.083,1.735296,0.030019
530,2026-04-05T20:43:07.771,0.454250,0.000986,-1.600000,0,1,2.858,1.735296,0.030019
531,2026-04-05T20:43:10.972,0.453975,0.000986,-1.600000,0,1,3.178,1.735296,0.030019
532,2026-04-05T20:43:14.086,0.453700,0.000986,-1.600000,0,1,3.088,1.735296,0.030019
533,2026-04-05T20:43:17.252,0.453425,0.000986,-1.600000,0,1,3.133,1.735296,0.030019
534,2026-04-05T20:43:20.469,0.453150,0.000986,-1.600000,0,1,3.189,1.735296,0.030019
535,2026-04-05T20:43:23.587,0.452875,0.000986,-1.600000,0,1,3.092,1.735296,0.030019
536,2026-04-05T20:43:26.775,0.452600,0.000986,-1.600000,0,1,3.162,1.735296,0.030019
537,2026-04-05T20:43:30.161,0.452325,0.000986,-1.600000,0,1,3.356,1.735296,0.030019
538,2026-04-05T20:43:33.861,0.452050,0.000986,-1.600000,0,1,3.545,1.735296,0.030019
539,2026-04-05T20:43:36.994,0.451775,0.000986,-1.600000,0,1,3.105,1.735296,0.030019
540,2026-04-05T20:43:40.133,0.451500,0.000986,-1.600000,0,1,3.115,1.735296,0.030019
541,2026-04-05T20:43:43.261,0.451225,0.000986,-1.600000,0,1,3.105,1.735296,0.030019
542,2026-04-05T20:43:46.142,0.450950,0.000986,-1.600000,0,1,2.847,1.735296,0.030019
543,2026-04-05T20:43:49.031,0.450675,0.000986,-1.600000,0,1,2.866,1.735296,0.030019
544,2026-04-05T20:43:52.133,0.450400,0.000985,-1.600000,0,1,3.070,1.735296,0.030019
545,2026-04-05T20:43:55.208,0.450125,0.000985,-1.600000,0,1,3.044,1.735296,0.030019
546,2026-04-05T20:43:58.166,0.449850,0.000985,-1.600000,0,1,2.930,1.735296,0.030019
547,2026-04-05T20:44:01.046,0.449575,0.000985,-1.600000,0,1,2.849,1.735296,0.030019
548,2026-04-05T20:44:04.013,0.449300,0.000985,-1.600000,0,1,2.941,1.735296,0.030019
549,2026-04-05T20:44:07.007,0.449025,0.000985,-1.600000,0,1,2.968,1.735296,0.030019
550,2026-04-05T20:44:10.336,0.448750,0.000985,-1.600000,0,1,3.281,1.735296,0.030019
551,2026-04-05T20:44:13.510,0.448475,0.000985,-1.600000,0,1,3.146,1.735296,0.030019
552,2026-04-05T20:44:16.407,0.448200,0.000985,-1.600000,0,1,2.869,1.735296,0.030019
553,2026-04-05T20:44:19.537,0.447925,0.000985,-1.600000,0,1,3.103,1.735296,0.030019
554,2026-04-05T20:44:22.719,0.447650,0.000985,-1.600000,0,1,3.158,1.735296,0.030019
555,2026-04-05T20:44:25.839,0.447375,0.000985,-1.600000,0,1,3.072,1.735296,0.030019
556,2026-04-05T20:44:28.789,0.447100,0.000985,-2.000000,0,1,2.924,1.735296,0.030019
557,2026-04-05T20:44:31.878,0.446825,0.000985,-1.600000,0,1,3.064,1.735296,0.030019
558,2026-04-05T20:44:34.992,0.446550,0.000985,-1.600000,0,1,3.085,1.735296,0.030019
559,2026-04-05T20:44:38.193,0.446275,0.000985,-1.600000,0,1,3.178,1.735296,0.030019
560,2026-04-05T20:44:41.125,0.446000,0.000985,-1.600000,0,1,2.899,1.735296,0.030019
561,2026-04-05T20:44:44.367,0.445725,0.000985,-2.000000,0,1,3.218,1.735296,0.030019
562,2026-04-05T20:44:47.307,0.445450,0.000985,-1.600000,0,1,2.911,1.735296,0.030019
563,2026-04-05T20:44:50.273,0.445175,0.000985,-1.600000,0,1,2.937,1.735296,0.030019
564,2026-04-05T20:44:53.367,0.444900,0.000985,-1.600000,0,1,3.067,1.735296,0.030019
565,2026-04-05T20:44:56.275,0.444625,0.000985,-1.600000,0,1,2.877,1.735296,0.030019
566,2026-04-05T20:44:59.408,0.444350,0.000985,-1.600000,0,1,3.106,1.735296,0.030019
567,2026-04-05T20:45:02.344,0.444075,0.000985,-1.600000,0,1,2.908,1.735296,0.030019
568,2026-04-05T20:45:05.464,0.443800,0.000985,-1.600000,0,1,3.083,1.735296,0.030019
569,2026-04-05T20:45:08.575,0.443525,0.000985,-1.600000,0,1,3.078,1.735296,0.030019
570,2026-04-05T20:45:11.481,0.443250,0.000985,-1.600000,0,1,2.876,1.735296,0.030019
571,2026-04-05T20:45:14.615,0.442975,0.000985,-1.600000,0,1,3.103,1.735296,0.030019
572,2026-04-05T20:45:17.848,0.442700,0.000985,-1.600000,0,1,3.205,1.735296,0.030019
573,2026-04-05T20:45:20.754,0.442425,0.000985,-1.600000,0,1,2.883,1.735296,0.030019
574,2026-04-05T20:45:23.888,0.442150,0.000985,-1.600000,0,1,3.109,1.735296,0.030019
575,2026-04-05T20:45:26.992,0.441875,0.000985,-1.600000,0,1,3.071,1.735296,0.030019
576,2026-04-05T20:45:30.105,0.441600,0.000985,-1.600000,0,1,3.084,1.735296,0.030019
577,2026-04-05T20:45:33.469,0.441325,0.000985,-1.600000,0,1,3.336,1.735296,0.030019
578,2026-04-05T20:45:36.654,0.441050,0.000985,-1.600000,0,1,3.159,1.735296,0.030019
579,2026-04-05T20:45:39.543,0.440775,0.000985,-1.600000,0,1,2.864,1.735296,0.030019
580,2026-04-05T20:45:42.699,0.440500,0.000985,-1.600000,0,1,3.114,1.735296,0.030019
581,2026-04-05T20:45:45.811,0.440225,0.000985,-1.600000,0,1,3.086,1.735296,0.030019
582,2026-04-05T20:45:48.943,0.439950,0.000984,-1.600000,0,1,3.104,1.735296,0.030019
583,2026-04-05T20:45:51.834,0.439675,0.000984,-1.600000,0,1,2.864,1.735296,0.030019
584,2026-04-05T20:45:54.725,0.439400,0.000984,-1.600000,0,1,2.866,1.735296,0.030019
585,2026-04-05T20:45:57.648,0.439125,0.000984,-1.600000,0,1,2.897,1.735296,0.030019
586,2026-04-05T20:46:00.797,0.438850,0.000984,-1.600000,0,1,3.126,1.735296,0.030019
587,2026-04-05T20:46:04.099,0.438575,0.000984,-1.600000,0,1,3.274,1.735296,0.030019
588,2026-04-05T20:46:07.208,0.438300,0.000984,-1.600000,0,1,3.087,1.735296,0.030019
589,2026-04-05T20:46:10.423,0.438025,0.000984,-2.000000,0,1,3.190,1.735296,0.030019
590,2026-04-05T20:46:13.514,0.437750,0.000984,-1.600000,0,1,3.061,1.735296,0.030019
591,2026-04-05T20:46:16.615,0.437475,0.000984,-1.600000,0,1,3.071,1.735296,0.030019
592,2026-04-05T20:46:19.730,0.437200,0.000984,-1.600000,0,1,3.092,1.735296,0.030019
593,2026-04-05T20:46:22.870,0.436925,0.000984,-1.600000,0,1,3.117,1.735296,0.030019
594,2026-04-05T20:46:26.127,0.436650,0.000984,-1.600000,0,1,3.229,1.735296,0.030019
595,2026-04-05T20:46:29.290,0.436375,0.000984,-1.600000,0,1,3.134,1.735296,0.030019
596,2026-04-05T20:46:32.446,0.436100,0.000984,-1.600000,0,1,3.129,1.735296,0.030019
597,2026-04-05T20:46:35.645,0.435825,0.000984,-1.600000,0,1,3.170,1.735296,0.030019
598,2026-04-05T20:46:38.745,0.435550,0.000984,-1.600000,0,1,3.075,1.735296,0.030019
599,2026-04-05T20:46:39.568,0.435275,0.000984,-1.600000,0,2,0.800,2.496025,0.058367
600,2026-04-05T20:46:42.619,0.435000,0.000984,-1.600000,0,1,3.017,1.735296,0.030019
601,2026-04-05T20:46:45.976,0.434725,0.000984,-1.000000,0,1,3.331,1.735296,0.030019
602,2026-04-05T20:46:48.975,0.434450,0.000984,-1.600000,0,1,2.971,1.735296,0.030019
603,2026-04-05T20:46:52.094,0.434175,0.000984,-1.600000,0,1,3.091,1.735296,0.030019
604,2026-04-05T20:46:55.260,0.433900,0.000984,-1.600000,0,1,3.121,1.735296,0.030019
605,2026-04-05T20:46:58.362,0.433625,0.000984,-1.600000,0,1,3.075,1.735296,0.030019
606,2026-04-05T20:47:01.705,0.433350,0.000984,-1.600000,0,1,3.317,1.735296,0.030019
607,2026-04-05T20:47:04.900,0.433075,0.000984,-1.600000,0,1,3.168,1.735296,0.030019
608,2026-04-05T20:47:08.100,0.432800,0.000984,-1.600000,0,1,3.170,1.735296,0.030019
609,2026-04-05T20:47:11.264,0.432525,0.000984,-1.600000,0,1,3.137,1.735296,0.030019
610,2026-04-05T20:47:14.523,0.432250,0.000984,-1.600000,0,1,3.233,1.735296,0.030019
611,2026-04-05T20:47:17.764,0.431975,0.000984,-1.600000,0,1,3.216,1.735296,0.030019
612,2026-04-05T20:47:21.088,0.431700,0.000984,-1.600000,0,1,3.297,1.735296,0.030019
613,2026-04-05T20:47:24.088,0.431425,0.000984,-1.600000,0,1,2.975,1.735296,0.030019
614,2026-04-05T20:47:27.221,0.431150,0.000984,-1.600000,0,1,3.107,1.735296,0.030019
615,2026-04-05T20:47:30.414,0.430875,0.000984,-1.600000,0,1,3.169,1.735296,0.030019
616,2026-04-05T20:47:33.797,0.430600,0.000984,-1.600000,0,1,3.354,1.735296,0.030019
617,2026-04-05T20:47:36.902,0.430325,0.000984,-1.600000,0,1,3.078,1.735296,0.030019
618,2026-04-05T20:47:40.272,0.430050,0.000984,-1.600000,0,1,3.344,1.735296,0.030019
619,2026-04-05T20:47:43.402,0.429775,0.000983,-1.600000,0,1,3.097,1.735296,0.030019
620,2026-04-05T20:47:46.518,0.429500,0.000983,-1.600000,0,1,3.087,1.735296,0.030019
621,2026-04-05T20:47:49.751,0.429225,0.000983,-1.600000,0,1,3.209,1.735296,0.030019
622,2026-04-05T20:47:52.984,0.428950,0.000983,-1.600000,0,1,3.207,1.735296,0.030019
623,2026-04-05T20:47:55.952,0.428675,0.000983,-1.600000,0,1,2.941,1.735296,0.030019
624,2026-04-05T20:47:58.910,0.428400,0.000983,-1.600000,0,1,2.929,1.735296,0.030019
625,2026-04-05T20:48:02.043,0.428125,0.000983,-1.600000,0,1,3.105,1.735296,0.030019
626,2026-04-05T20:48:05.155,0.427850,0.000983,-2.000000,0,1,3.087,1.735296,0.030019
627,2026-04-05T20:48:08.265,0.427575,0.000983,-1.600000,0,1,3.079,1.735296,0.030019
628,2026-04-05T20:48:11.259,0.427300,0.000983,-2.000000,0,1,2.969,1.735296,0.030019
629,2026-04-05T20:48:14.483,0.427025,0.000983,-1.600000,0,1,3.199,1.735296,0.030019
630,2026-04-05T20:48:17.614,0.426750,0.000983,-1.600000,0,1,3.107,1.735296,0.030019
631,2026-04-05T20:48:20.572,0.426475,0.000983,-1.600000,0,1,2.933,1.735296,0.030019
632,2026-04-05T20:48:23.464,0.426200,0.000983,-1.600000,0,1,2.869,1.735296,0.030019
633,2026-04-05T20:48:26.691,0.425925,0.000983,-1.600000,0,1,3.201,1.735296,0.030019
634,2026-04-05T20:48:29.776,0.425650,0.000983,-2.000000,0,1,3.055,1.735296,0.030019
635,2026-04-05T20:48:32.709,0.425375,0.000983,-1.600000,0,1,2.900,1.735296,0.030019
636,2026-04-05T20:48:35.848,0.425100,0.000983,-1.600000,0,1,3.107,1.735296,0.030019
637,2026-04-05T20:48:39.104,0.424825,0.000983,-1.600000,0,1,3.229,1.735296,0.030019
638,2026-04-05T20:48:42.105,0.424550,0.000983,-2.000000,0,1,2.976,1.735296,0.030019
639,2026-04-05T20:48:45.229,0.424275,0.000983,-1.600000,0,1,3.101,1.735296,0.030019
640,2026-04-05T20:48:48.339,0.424000,0.000983,-1.600000,0,1,3.083,1.735296,0.030019
641,2026-04-05T20:48:51.510,0.423725,0.000983,-1.600000,0,1,3.140,1.735296,0.030019
642,2026-04-05T20:48:54.624,0.423450,0.000983,-1.600000,0,1,3.088,1.735296,0.030019
643,2026-04-05T20:48:57.717,0.423175,0.000983,-1.600000,0,1,3.063,1.735296,0.030019
644,2026-04-05T20:49:00.891,0.422900,0.000983,-1.600000,0,1,3.146,1.735296,0.030019
645,2026-04-05T20:49:04.077,0.422625,0.000983,-1.600000,0,1,3.161,1.735296,0.030019
646,2026-04-05T20:49:07.286,0.422350,0.000983,-1.600000,0,1,3.183,1.735296,0.030019
647,2026-04-05T20:49:10.391,0.422075,0.000983,-1.600000,0,1,3.074,1.735296,0.030019
648,2026-04-05T20:49:13.551,0.421800,0.000983,-1.600000,0,1,3.134,1.735296,0.030019
649,2026-04-05T20:49:16.674,0.421525,0.000983,-1.600000,0,1,3.100,1.735296,0.030019
650,2026-04-05T20:49:19.821,0.421250,0.000983,-1.600000,0,1,3.123,1.735296,0.030019
651,2026-04-05T20:49:23.024,0.420975,0.000983,-1.600000,0,1,3.170,1.735296,0.030019
652,2026-04-05T20:49:26.131,0.420700,0.000983,-1.600000,0,1,3.082,1.735296,0.030019
653,2026-04-05T20:49:29.255,0.420425,0.000983,-1.600000,0,1,3.094,1.735296,0.030019
654,2026-04-05T20:49:31.667,0.420150,0.000983,-1.600000,0,1,2.385,1.735296,0.030019
655,2026-04-05T20:49:34.810,0.419875,0.000983,-1.600000,0,1,3.113,1.735296,0.030019
656,2026-04-05T20:49:38.059,0.419600,0.000983,-1.600000,0,1,3.204,1.735296,0.030019
657,2026-04-05T20:49:41.237,0.419325,0.000982,-1.600000,0,1,3.145,1.735296,0.030019
658,2026-04-05T20:49:44.334,0.419050,0.000982,-1.600000,0,1,3.072,1.735296,0.030019
659,2026-04-05T20:49:47.563,0.418775,0.000982,-1.600000,0,1,3.200,1.735296,0.030019
660,2026-04-05T20:49:50.721,0.418500,0.000982,-1.600000,0,1,3.134,1.735296,0.030019
661,2026-04-05T20:49:53.833,0.418225,0.000982,-2.000000,0,1,3.089,1.735296,0.030019
662,2026-04-05T20:49:56.951,0.417950,0.000982,-1.600000,0,1,3.090,1.735296,0.030019
663,2026-04-05T20:50:00.054,0.417675,0.000982,-1.600000,0,1,3.076,1.735296,0.030019
664,2026-04-05T20:50:03.131,0.417400,0.000982,-1.600000,0,1,3.046,1.735296,0.030019
665,2026-04-05T20:50:06.031,0.417125,0.000982,-1.600000,0,1,2.872,1.735296,0.030019
666,2026-04-05T20:50:08.866,0.416850,0.000982,-1.600000,0,1,2.806,1.735296,0.030019
667,2026-04-05T20:50:13.199,0.416575,0.000982,-1.600000,0,1,4.273,1.735296,0.030019
668,2026-04-05T20:50:15.761,0.416300,0.000982,-1.600000,0,1,2.523,1.735296,0.030019
669,2026-04-05T20:50:18.962,0.416025,0.000982,-1.600000,0,1,3.123,1.735296,0.030019
670,2026-04-05T20:50:22.825,0.415750,0.000982,-1.600000,0,1,3.824,1.735296,0.030019
671,2026-04-05T20:50:25.918,0.415475,0.000982,-2.000000,0,1,3.056,1.735296,0.030019
672,2026-04-05T20:50:29.108,0.415200,0.000982,-1.600000,0,1,3.160,1.735296,0.030019
673,2026-04-05T20:50:32.035,0.414925,0.000982,-1.500000,0,1,2.897,1.735296,0.030019
674,2026-04-05T20:50:34.923,0.414650,0.000982,-1.600000,0,1,2.858,1.735296,0.030019
675,2026-04-05T20:50:40.355,0.414375,0.000982,-2.000000,0,1,5.407,1.735296,0.030019
676,2026-04-05T20:50:44.888,0.414100,0.000982,-1.600000,0,1,4.495,1.735296,0.030019
677,2026-04-05T20:50:50.310,0.413825,0.000982,-1.600000,0,1,5.240,1.735296,0.030019
678,2026-04-05T20:51:09.772,0.413550,0.000982,-1.600000,0,1,19.408,1.735296,0.030019
679,2026-04-05T20:51:36.593,0.413275,0.000982,-1.600000,0,1,26.753,1.735296,0.030019
680,2026-04-05T20:51:46.501,0.413000,0.000982,-1.600000,0,1,9.303,1.735296,0.030019
681,2026-04-05T20:51:52.003,0.412725,0.000982,-1.600000,0,1,5.415,1.735296,0.030019
682,2026-04-05T20:52:08.905,0.412450,0.000982,-1.600000,0,1,14.737,1.735296,0.030019
683,2026-04-05T20:52:11.590,0.412175,0.000982,-1.600000,0,1,2.585,1.735296,0.030019
684,2026-04-05T20:52:15.191,0.411900,0.000982,-1.600000,0,1,3.562,1.735296,0.030019
685,2026-04-05T20:52:19.034,0.411625,0.000982,-1.600000,0,1,3.807,1.735296,0.030019
686,2026-04-05T20:52:25.124,0.411350,0.000982,-1.600000,0,1,6.040,1.735296,0.030019
687,2026-04-05T20:52:28.055,0.411075,0.000982,-1.600000,0,1,2.891,1.735296,0.030019
688,2026-04-05T20:52:31.030,0.410800,0.000982,-1.500000,0,1,2.942,1.735296,0.030019
689,2026-04-05T20:52:34.178,0.410525,0.000982,-1.600000,0,1,3.099,1.735296,0.030019
690,2026-04-05T20:52:37.293,0.410250,0.000982,-1.600000,0,1,3.083,1.735296,0.030019
691,2026-04-05T20:52:40.331,0.409975,0.000982,-1.600000,0,1,3.011,1.735296,0.030019
692,2026-04-05T20:52:43.806,0.409700,0.000982,-1.600000,0,1,3.437,1.735296,0.030019
693,2026-04-05T20:52:46.923,0.409425,0.000982,-1.600000,0,1,3.055,1.735296,0.030019
694,2026-04-05T20:52:50.077,0.409150,0.000981,-1.600000,0,1,3.116,1.735296,0.030019
695,2026-04-05T20:52:53.775,0.408875,0.000981,-1.600000,0,1,3.659,1.735296,0.030019
696,2026-04-05T20:52:57.402,0.408600,0.000981,-1.600000,0,1,3.580,1.735296,0.030019
697,2026-04-05T20:53:08.971,0.408325,0.000981,-2.000000,0,1,11.545,1.735296,0.030019
698,2026-04-05T20:53:12.727,0.408050,0.000981,-1.600000,0,1,3.378,1.735296,0.030019
699,2026-04-05T20:53:20.263,0.407775,0.000981,-2.000000,0,1,7.448,1.735296,0.030019
700,2026-04-05T20:53:23.558,0.407500,0.000981,-1.600000,0,1,3.193,1.735296,0.030019
701,2026-04-05T20:53:26.466,0.407225,0.000981,-1.600000,0,1,2.878,1.735296,0.030019
702,2026-04-05T20:53:29.623,0.406950,0.000981,-1.600000,0,1,3.111,1.735296,0.030019
703,2026-04-05T20:53:32.926,0.406675,0.000981,-1.600000,0,1,3.265,1.735296,0.030019
704,2026-04-05T20:53:36.178,0.406400,0.000981,-1.600000,0,1,3.167,1.735296,0.030019
705,2026-04-05T20:53:39.464,0.406125,0.000981,-1.600000,0,1,3.252,1.735296,0.030019
706,2026-04-05T20:53:42.571,0.405850,0.000981,-2.000000,0,1,3.080,1.735296,0.030019
707,2026-04-05T20:53:45.686,0.405575,0.000981,-1.600000,0,1,3.080,1.735296,0.030019
708,2026-04-05T20:53:48.907,0.405300,0.000981,-1.600000,0,1,3.191,1.735296,0.030019
709,2026-04-05T20:53:52.121,0.405025,0.000981,-1.600000,0,1,3.182,1.735296,0.030019
710,2026-04-05T20:53:55.015,0.404750,0.000981,-1.600000,0,1,2.861,1.735296,0.030019
711,2026-04-05T20:53:58.317,0.404475,0.000981,-1.600000,0,1,3.255,1.735296,0.030019
712,2026-04-05T20:54:01.629,0.404200,0.000981,-1.600000,0,1,3.285,1.735296,0.030019
713,2026-04-05T20:54:03.351,0.403925,0.000981,-1.600000,0,2,1.692,2.496025,0.058367
714,2026-04-05T20:54:06.281,0.403650,0.000981,-1.600000,0,1,2.899,1.735296,0.030019
715,2026-04-05T20:54:12.617,0.403375,0.000981,-1.600000,0,1,6.289,1.735296,0.030019
716,2026-04-05T20:54:15.778,0.403100,0.000981,-2.000000,0,1,3.126,1.735296,0.030019
717,2026-04-05T20:54:18.669,0.402825,0.000981,-1.600000,0,1,2.859,1.735296,0.030019
718,2026-04-05T20:54:21.821,0.402550,0.000981,-1.600000,0,1,3.128,1.735296,0.030019
719,2026-04-05T20:54:25.571,0.402275,0.000981,-1.600000,0,1,3.718,1.735296,0.030019
720,2026-04-05T20:54:28.786,0.402000,0.000981,-1.600000,0,1,3.175,1.735296,0.030019
721,2026-04-05T20:54:33.315,0.401725,0.000981,-1.600000,0,1,4.483,1.735296,0.030019
722,2026-04-05T20:54:36.242,0.401450,0.000981,-1.600000,0,1,2.880,1.735296,0.030019
723,2026-04-05T20:54:39.387,0.401175,0.000981,-1.600000,0,1,3.120,1.735296,0.030019
724,2026-04-05T20:54:42.452,0.400900,0.000981,-1.600000,0,1,3.036,1.735296,0.030019
725,2026-04-05T20:54:45.534,0.400625,0.000981,-1.600000,0,1,3.054,1.735296,0.030019
726,2026-04-05T20:54:47.956,0.400350,0.000981,-1.600000,0,1,2.395,1.735296,0.030019
727,2026-04-05T20:54:50.991,0.400075,0.000981,-1.600000,0,1,2.987,1.735296,0.030019
728,2026-04-05T20:54:54.079,0.399800,0.000981,-1.600000,0,1,3.063,1.735296,0.030019
729,2026-04-05T20:54:57.282,0.399525,0.000981,-1.600000,0,1,3.177,1.735296,0.030019
730,2026-04-05T20:55:00.390,0.399250,0.000981,-1.600000,0,1,3.081,1.735296,0.030019
731,2026-04-05T20:55:03.739,0.398975,0.000981,-1.000000,0,1,3.257,1.735296,0.030019
732,2026-04-05T20:55:06.983,0.398700,0.000980,-1.600000,0,1,3.215,1.735296,0.030019
733,2026-04-05T20:55:09.604,0.398425,0.000980,-1.600000,0,1,2.593,1.735296,0.030019
734,2026-04-05T20:55:12.477,0.398150,0.000980,-1.600000,0,1,2.848,1.735296,0.030019
735,2026-04-05T20:55:15.684,0.397875,0.000980,-1.600000,0,1,3.167,1.735296,0.030019
736,2026-04-05T20:55:18.790,0.397600,0.000980,-1.600000,0,1,3.068,1.735296,0.030019
737,2026-04-05T20:55:21.731,0.397325,0.000980,-1.600000,0,1,2.912,1.735296,0.030019
738,2026-04-05T20:55:24.771,0.397050,0.000980,-1.600000,0,1,3.006,1.735296,0.030019
739,2026-04-05T20:55:27.995,0.396775,0.000980,-1.600000,0,1,3.196,1.735296,0.030019
740,2026-04-05T20:55:30.995,0.396500,0.000980,-1.600000,0,1,2.975,1.735296,0.030019
741,2026-04-05T20:55:34.427,0.396225,0.000980,-1.600000,0,1,3.411,1.735296,0.030019
742,2026-04-05T20:55:37.251,0.395950,0.000980,-1.600000,0,1,2.800,1.735296,0.030019
743,2026-04-05T20:55:40.211,0.395675,0.000980,-1.600000,0,1,2.927,1.735296,0.030019
744,2026-04-05T20:55:43.576,0.395400,0.000980,-1.600000,0,1,3.337,1.735296,0.030019
745,2026-04-05T20:55:46.818,0.395125,0.000980,-1.600000,0,1,3.218,1.735296,0.030019
746,2026-04-05T20:55:49.908,0.394850,0.000980,-1.600000,0,1,3.054,1.735296,0.030019
747,2026-04-05T20:55:53.042,0.394575,0.000980,-1.600000,0,1,3.106,1.735296,0.030019
748,2026-04-05T20:55:56.041,0.394300,0.000980,-2.000000,0,1,2.976,1.735296,0.030019
749,2026-04-05T20:56:00.095,0.394025,0.000980,-1.600000,0,1,4.027,1.735296,0.030019
750,2026-04-05T20:56:03.584,0.393750,0.000980,-1.600000,0,1,3.454,1.735296,0.030019
751,2026-04-05T20:56:07.164,0.393475,0.000980,-1.600000,0,1,3.501,1.735296,0.030019
752,2026-04-05T20:56:10.316,0.393200,0.000980,-1.600000,0,1,3.125,1.735296,0.030019
753,2026-04-05T20:56:12.535,0.392925,0.000980,-1.600000,0,2,2.191,2.496025,0.058367
754,2026-04-05T20:56:15.672,0.392650,0.000980,-1.600000,0,1,3.110,1.735296,0.030019
755,2026-04-05T20:56:18.755,0.392375,0.000980,-1.600000,0,1,3.058,1.735296,0.030019
756,2026-04-05T20:56:22.120,0.392100,0.000980,-1.600000,0,1,3.337,1.735296,0.030019
757,2026-04-05T20:56:25.282,0.391825,0.000980,-1.600000,0,1,3.136,1.735296,0.030019
758,2026-04-05T20:56:28.371,0.391550,0.000980,-1.600000,0,1,3.054,1.735296,0.030019
759,2026-04-05T20:56:31.260,0.391275,0.000980,-1.000000,0,1,2.864,1.735296,0.030019
760,2026-04-05T20:56:34.194,0.391000,0.000980,-1.600000,0,1,2.910,1.735296,0.030019
761,2026-04-05T20:56:37.496,0.390725,0.000980,-1.600000,0,1,3.277,1.735296,0.030019
762,2026-04-05T20:56:40.732,0.390450,0.000980,-1.600000,0,1,3.198,1.735296,0.030019
763,2026-04-05T20:56:43.845,0.390175,0.000980,-1.600000,0,1,3.088,1.735296,0.030019
764,2026-04-05T20:56:47.034,0.389900,0.000980,-1.600000,0,1,3.162,1.735296,0.030019
765,2026-04-05T20:56:50.059,0.389625,0.000980,-1.600000,0,1,2.996,1.735296,0.030019
766,2026-04-05T20:56:53.185,0.389350,0.000980,-1.600000,0,1,3.101,1.735296,0.030019
767,2026-04-05T20:56:56.183,0.389075,0.000980,-1.600000,0,1,2.976,1.735296,0.030019
768,2026-04-05T20:56:59.275,0.388800,0.000980,-1.600000,0,1,3.063,1.735296,0.030019
769,2026-04-05T20:57:02.265,0.388525,0.000979,-1.000000,0,1,2.966,1.735296,0.030019
770,2026-04-05T20:57:05.147,0.388250,0.000979,-1.600000,0,1,2.849,1.735296,0.030019
771,2026-04-05T20:57:08.390,0.387975,0.000979,-1.600000,0,1,3.211,1.735296,0.030019
772,2026-04-05T20:57:11.348,0.387700,0.000979,-1.600000,0,1,2.932,1.735296,0.030019
773,2026-04-05T20:57:14.465,0.387425,0.000979,-1.600000,0,1,3.092,1.735296,0.030019
774,2026-04-05T20:57:17.365,0.387150,0.000979,-1.600000,0,1,2.878,1.735296,0.030019
775,2026-04-05T20:57:20.235,0.386875,0.000979,-1.600000,0,1,2.841,1.735296,0.030019
776,2026-04-05T20:57:23.696,0.386600,0.000979,-1.600000,0,1,3.418,1.735296,0.030019
777,2026-04-05T20:57:27.336,0.386325,0.000979,-1.600000,0,1,3.598,1.735296,0.030019
778,2026-04-05T20:57:30.461,0.386050,0.000979,-1.600000,0,1,3.093,1.735296,0.030019
779,2026-04-05T20:57:33.422,0.385775,0.000979,-1.600000,0,1,2.920,1.735296,0.030019
780,2026-04-05T20:57:36.725,0.385500,0.000979,-1.600000,0,1,3.273,1.735296,0.030019
781,2026-04-05T20:57:39.713,0.385225,0.000979,-1.600000,0,1,2.963,1.735296,0.030019
782,2026-04-05T20:57:42.847,0.384950,0.000979,-1.600000,0,1,3.104,1.735296,0.030019
783,2026-04-05T20:57:47.343,0.384675,0.000979,-1.600000,0,1,4.462,1.735296,0.030019
784,2026-04-05T20:57:50.319,0.384400,0.000979,-1.600000,0,1,2.944,1.735296,0.030019
785,2026-04-05T20:57:53.449,0.384125,0.000979,-1.600000,0,1,3.100,1.735296,0.030019
786,2026-04-05T20:57:56.659,0.383850,0.000979,-1.600000,0,1,3.014,1.735296,0.030019
787,2026-04-05T20:57:59.606,0.383575,0.000979,-1.600000,0,1,2.926,1.735296,0.030019
788,2026-04-05T20:58:02.624,0.383300,0.000979,-1.600000,0,1,2.986,1.735296,0.030019
789,2026-04-05T20:58:05.573,0.383025,0.000979,-1.600000,0,1,2.921,1.735296,0.030019
790,2026-04-05T20:58:08.677,0.382750,0.000979,-1.600000,0,1,3.078,1.735296,0.030019
791,2026-04-05T20:58:12.699,0.382475,0.000979,-1.600000,0,1,3.977,1.735296,0.030019
792,2026-04-05T20:58:15.931,0.382200,0.000979,-1.600000,0,1,3.201,1.735296,0.030019
793,2026-04-05T20:58:18.968,0.381925,0.000979,-1.600000,0,1,3.010,1.735296,0.030019
794,2026-04-05T20:58:22.198,0.381650,0.000979,-1.600000,0,1,3.197,1.735296,0.030019
795,2026-04-05T20:58:25.181,0.381375,0.000979,-1.000000,0,1,2.959,1.735296,0.030019
796,2026-04-05T20:58:28.071,0.381100,0.000979,-1.600000,0,1,2.851,1.735296,0.030019
797,2026-04-05T20:58:31.168,0.380825,0.000979,-1.600000,0,1,3.070,1.735296,0.030019
798,2026-04-05T20:58:34.400,0.380550,0.000979,-1.600000,0,1,3.206,1.735296,0.030019
799,2026-04-05T20:58:37.602,0.380275,0.000979,-1.600000,0,1,3.166,1.735296,0.030019
800,2026-04-05T20:58:40.763,0.380000,0.000979,-1.600000,0,1,3.122,1.735296,0.030019
801,2026-04-05T20:58:43.654,0.379725,0.000979,-1.600000,0,1,2.844,1.735296,0.030019
802,2026-04-05T20:58:46.629,0.379450,0.000979,-1.600000,0,1,2.939,1.735296,0.030019
803,2026-04-05T20:58:49.749,0.379175,0.000979,-1.600000,0,1,3.091,1.735296,0.030019
804,2026-04-05T20:58:52.887,0.378900,0.000979,-1.600000,0,1,3.109,1.735296,0.030019
805,2026-04-05T20:58:56.019,0.378625,0.000979,-1.600000,0,1,3.094,1.735296,0.030019
806,2026-04-05T20:58:59.128,0.378350,0.000979,-1.600000,0,1,3.083,1.735296,0.030019
807,2026-04-05T20:59:02.481,0.378075,0.000978,-1.600000,0,1,3.323,1.735296,0.030019
808,2026-04-05T20:59:05.565,0.377800,0.000978,-1.600000,0,1,3.045,1.735296,0.030019
809,2026-04-05T20:59:08.514,0.377525,0.000978,-1.600000,0,1,2.921,1.735296,0.030019
810,2026-04-05T20:59:11.807,0.377250,0.000978,-1.600000,0,1,3.268,1.735296,0.030019
811,2026-04-05T20:59:14.804,0.376975,0.000978,-1.600000,0,1,2.969,1.735296,0.030019
812,2026-04-05T20:59:17.919,0.376700,0.000978,-1.600000,0,1,3.090,1.735296,0.030019
813,2026-04-05T20:59:21.037,0.376425,0.000978,-1.600000,0,1,3.085,1.735296,0.030019
814,2026-04-05T20:59:24.135,0.376150,0.000978,-1.600000,0,1,3.068,1.735296,0.030019
815,2026-04-05T20:59:28.432,0.375875,0.000978,-1.600000,0,1,4.269,1.735296,0.030019
816,2026-04-05T20:59:31.799,0.375600,0.000978,-1.600000,0,1,3.333,1.735296,0.030019
817,2026-04-05T20:59:35.071,0.375325,0.000978,-1.600000,0,1,3.244,1.735296,0.030019
818,2026-04-05T20:59:38.203,0.375050,0.000978,-1.600000,0,1,3.103,1.735296,0.030019
819,2026-04-05T20:59:41.346,0.374775,0.000978,-1.600000,0,1,3.116,1.735296,0.030019
820,2026-04-05T20:59:44.511,0.374500,0.000978,-1.600000,0,1,3.129,1.735296,0.030019
821,2026-04-05T20:59:47.714,0.374225,0.000978,-1.600000,0,1,3.167,1.735296,0.030019
822,2026-04-05T20:59:48.792,0.373950,0.000978,-1.200000,0,2,1.038,2.496025,0.058367
823,2026-04-05T20:59:52.253,0.373675,0.000978,-1.600000,0,1,3.400,1.735296,0.030019
824,2026-04-05T20:59:55.812,0.373400,0.000978,-1.600000,0,1,3.517,1.735296,0.030019
825,2026-04-05T20:59:59.604,0.373125,0.000978,-1.600000,0,1,3.756,1.735296,0.030019
826,2026-04-05T21:00:14.170,0.372850,0.000978,-2.000000,0,1,14.529,1.735296,0.030019
827,2026-04-05T21:00:17.366,0.372575,0.000978,-1.600000,0,1,3.131,1.735296,0.030019
828,2026-04-05T21:00:20.806,0.372300,0.000978,-1.600000,0,1,3.390,1.735296,0.030019
829,2026-04-05T21:00:24.130,0.372025,0.000978,-1.600000,0,1,3.249,1.735296,0.030019
830,2026-04-05T21:00:27.207,0.371750,0.000978,-1.600000,0,1,3.048,1.735296,0.030019
831,2026-04-05T21:00:30.228,0.371475,0.000978,-1.600000,0,1,2.989,1.735296,0.030019
832,2026-04-05T21:00:33.591,0.371200,0.000978,-1.600000,0,1,3.337,1.735296,0.030019
833,2026-04-05T21:00:36.604,0.370925,0.000978,-1.600000,0,1,2.987,1.735296,0.030019
834,2026-04-05T21:00:39.804,0.370650,0.000978,-1.600000,0,1,3.178,1.735296,0.030019
835,2026-04-05T21:00:42.960,0.370375,0.000978,-1.600000,0,1,3.125,1.735296,0.030019
836,2026-04-05T21:00:45.826,0.370100,0.000978,-1.600000,0,1,2.829,1.735296,0.030019
837,2026-04-05T21:00:46.755,0.369825,0.000978,-1.200000,0,2,0.904,2.496025,0.058367
838,2026-04-05T21:00:49.872,0.369550,0.000978,-1.600000,0,1,3.093,1.735296,0.030019
839,2026-04-05T21:00:53.043,0.369275,0.000978,-1.600000,0,1,3.140,1.735296,0.030019
840,2026-04-05T21:00:55.969,0.369000,0.000978,-1.600000,0,1,2.898,1.735296,0.030019
841,2026-04-05T21:00:59.060,0.368725,0.000978,-1.000000,0,1,3.059,1.735296,0.030019
842,2026-04-05T21:01:02.199,0.368450,0.000978,-1.600000,0,1,3.108,1.735296,0.030019
843,2026-04-05T21:01:05.403,0.368175,0.000978,-1.600000,0,1,3.179,1.735296,0.030019
844,2026-04-05T21:01:08.299,0.367900,0.000977,-1.600000,0,1,2.870,1.735296,0.030019
845,2026-04-05T21:01:11.425,0.367625,0.000977,-1.600000,0,1,3.099,1.735296,0.030019
846,2026-04-05T21:01:14.371,0.367350,0.000977,-1.600000,0,1,2.909,1.735296,0.030019
847,2026-04-05T21:01:17.481,0.367075,0.000977,-1.600000,0,1,3.076,1.735296,0.030019
848,2026-04-05T21:01:20.382,0.366800,0.000977,-1.600000,0,1,2.872,1.735296,0.030019
849,2026-04-05T21:01:23.664,0.366525,0.000977,-1.600000,0,1,3.254,1.735296,0.030019
850,2026-04-05T21:01:26.568,0.366250,0.000977,-1.600000,0,1,2.876,1.735296,0.030019
851,2026-04-05T21:01:29.801,0.365975,0.000977,-1.600000,0,1,3.207,1.735296,0.030019
852,2026-04-05T21:01:32.903,0.365700,0.000977,-1.600000,0,1,3.068,1.735296,0.030019
853,2026-04-05T21:01:36.032,0.365425,0.000977,-1.600000,0,1,3.096,1.735296,0.030019
854,2026-04-05T21:01:39.218,0.365150,0.000977,-1.600000,0,1,3.158,1.735296,0.030019
855,2026-04-05T21:01:42.436,0.364875,0.000977,-2.000000,0,1,3.193,1.735296,0.030019
856,2026-04-05T21:01:45.432,0.364600,0.000977,-1.600000,0,1,2.969,1.735296,0.030019
857,2026-04-05T21:01:48.513,0.364325,0.000977,-2.000000,0,1,3.055,1.735296,0.030019
858,2026-04-05T21:01:51.765,0.364050,0.000977,-1.600000,0,1,3.221,1.735296,0.030019
859,2026-04-05T21:01:54.896,0.363775,0.000977,-1.600000,0,1,3.101,1.735296,0.030019
860,2026-04-05T21:01:58.229,0.363500,0.000977,-1.600000,0,1,3.305,1.735296,0.030019
861,2026-04-05T21:02:01.109,0.363225,0.000977,-1.600000,0,1,2.845,1.735296,0.030019
862,2026-04-05T21:02:04.353,0.362950,0.000977,-1.600000,0,1,3.216,1.735296,0.030019
863,2026-04-05T21:02:07.433,0.362675,0.000977,-1.600000,0,1,3.050,1.735296,0.030019
864,2026-04-05T21:02:10.328,0.362400,0.000977,-1.600000,0,1,2.870,1.735296,0.030019
865,2026-04-05T21:02:13.461,0.362125,0.000977,-1.600000,0,1,3.111,1.735296,0.030019
866,2026-04-05T21:02:16.604,0.361850,0.000977,-1.600000,0,1,3.115,1.735296,0.030019
867,2026-04-05T21:02:19.725,0.361575,0.000977,-1.600000,0,1,3.093,1.735296,0.030019
868,2026-04-05T21:02:22.844,0.361300,0.000977,-1.600000,0,1,3.091,1.735296,0.030019
869,2026-04-05T21:02:25.976,0.361025,0.000977,-1.600000,0,1,3.101,1.735296,0.030019
870,2026-04-05T21:02:28.867,0.360750,0.000977,-2.000000,0,1,2.862,1.735296,0.030019
871,2026-04-05T21:02:31.986,0.360475,0.000977,-1.600000,0,1,3.024,1.735296,0.030019
872,2026-04-05T21:02:34.981,0.360200,0.000977,-1.600000,0,1,2.969,1.735296,0.030019
873,2026-04-05T21:02:38.124,0.359925,0.000977,-1.600000,0,1,3.114,1.735296,0.030019
874,2026-04-05T21:02:41.246,0.359650,0.000977,-1.600000,0,1,3.097,1.735296,0.030019
875,2026-04-05T21:02:44.439,0.359375,0.000977,-1.600000,0,1,3.164,1.735296,0.030019
876,2026-04-05T21:02:47.371,0.359100,0.000977,-1.600000,0,1,2.902,1.735296,0.030019
877,2026-04-05T21:02:50.518,0.358825,0.000977,-1.600000,0,1,3.119,1.735296,0.030019
878,2026-04-05T21:02:53.486,0.358550,0.000977,-1.600000,0,1,2.937,1.735296,0.030019
879,2026-04-05T21:02:56.636,0.358275,0.000977,-1.600000,0,1,3.123,1.735296,0.030019
880,2026-04-05T21:02:59.760,0.358000,0.000977,-1.600000,0,1,3.099,1.735296,0.030019
881,2026-04-05T21:03:02.682,0.357725,0.000977,-1.600000,0,1,2.895,1.735296,0.030019
882,2026-04-05T21:03:08.704,0.357450,0.000976,-1.600000,0,1,5.992,1.735296,0.030019
883,2026-04-05T21:03:11.600,0.357175,0.000976,-1.600000,0,1,2.859,1.735296,0.030019
884,2026-04-05T21:03:14.701,0.356900,0.000976,-1.600000,0,1,3.071,1.735296,0.030019
885,2026-04-05T21:03:17.810,0.356625,0.000976,-1.600000,0,1,3.075,1.735296,0.030019
886,2026-04-05T21:03:21.320,0.356350,0.000976,-1.600000,0,1,3.477,1.735296,0.030019
887,2026-04-05T21:03:24.685,0.356075,0.000976,-1.600000,0,1,3.296,1.735296,0.030019
888,2026-04-05T21:03:28.016,0.355800,0.000976,-1.600000,0,1,3.307,1.735296,0.030019
889,2026-04-05T21:03:31.181,0.355525,0.000976,-1.600000,0,1,3.137,1.735296,0.030019
890,2026-04-05T21:03:34.551,0.355250,0.000976,-1.600000,0,1,3.322,1.735296,0.030019
891,2026-04-05T21:03:38.245,0.354975,0.000976,-1.600000,0,1,3.602,1.735296,0.030019
892,2026-04-05T21:03:42.245,0.354700,0.000976,-1.600000,0,1,3.970,1.735296,0.030019
893,2026-04-05T21:03:45.389,0.354425,0.000976,-1.600000,0,1,3.118,1.735296,0.030019
894,2026-04-05T21:03:48.606,0.354150,0.000976,-1.600000,0,1,3.186,1.735296,0.030019
895,2026-04-05T21:03:51.968,0.353875,0.000976,-1.600000,0,1,3.333,1.735296,0.030019
896,2026-04-05T21:03:54.862,0.353600,0.000976,-1.600000,0,1,2.860,1.735296,0.030019
897,2026-04-05T21:03:57.973,0.353325,0.000976,-1.600000,0,1,3.077,1.735296,0.030019
898,2026-04-05T21:04:01.087,0.353050,0.000976,-1.600000,0,1,3.076,1.735296,0.030019
899,2026-04-05T21:04:04.215,0.352775,0.000976,-1.600000,0,1,3.102,1.735296,0.030019
900,2026-04-05T21:04:07.663,0.352500,0.000976,-1.600000,0,1,3.325,1.735296,0.030019
901,2026-04-05T21:04:13.356,0.352225,0.000976,-1.600000,0,1,5.510,1.735296,0.030019
902,2026-04-05T21:04:16.518,0.351950,0.000976,-1.600000,0,1,3.135,1.735296,0.030019
903,2026-04-05T21:04:19.643,0.351675,0.000976,-1.600000,0,1,3.096,1.735296,0.030019
904,2026-04-05T21:04:22.762,0.351400,0.000976,-1.600000,0,1,3.090,1.735296,0.030019
905,2026-04-05T21:04:25.960,0.351125,0.000976,-1.600000,0,1,3.170,1.735296,0.030019
906,2026-04-05T21:04:29.115,0.350850,0.000976,-1.600000,0,1,3.109,1.735296,0.030019
907,2026-04-05T21:04:32.246,0.350575,0.000976,-1.600000,0,1,3.084,1.735296,0.030019
908,2026-04-05T21:04:35.590,0.350300,0.000976,-1.600000,0,1,3.294,1.735296,0.030019
909,2026-04-05T21:04:38.814,0.350025,0.000976,-1.600000,0,1,3.178,1.735296,0.030019
910,2026-04-05T21:04:41.756,0.349750,0.000976,-1.600000,0,1,2.886,1.735296,0.030019
911,2026-04-05T21:04:44.883,0.349475,0.000976,-1.600000,0,1,3.092,1.735296,0.030019
912,2026-04-05T21:04:48.004,0.349200,0.000976,-1.600000,0,1,3.095,1.735296,0.030019
913,2026-04-05T21:04:51.040,0.348925,0.000976,-1.600000,0,1,3.010,1.735296,0.030019
914,2026-04-05T21:04:54.156,0.348650,0.000976,-2.000000,0,1,3.083,1.735296,0.030019
915,2026-04-05T21:04:57.270,0.348375,0.000976,-1.600000,0,1,3.093,1.735296,0.030019
916,2026-04-05T21:05:00.379,0.348100,0.000976,-1.600000,0,1,3.085,1.735296,0.030019
917,2026-04-05T21:05:03.503,0.347825,0.000976,-1.600000,0,1,3.100,1.735296,0.030019
918,2026-04-05T21:05:06.587,0.347550,0.000976,-1.600000,0,1,3.047,1.735296,0.030019
919,2026-04-05T21:05:09.852,0.347275,0.000975,-1.600000,0,1,3.238,1.735296,0.030019
920,2026-04-05T21:05:13.085,0.347000,0.000975,-1.600000,0,1,3.207,1.735296,0.030019
921,2026-04-05T21:05:16.285,0.346725,0.000975,-1.600000,0,1,3.175,1.735296,0.030019
922,2026-04-05T21:05:19.378,0.346450,0.000975,-1.600000,0,1,3.063,1.735296,0.030019
923,2026-04-05T21:05:22.513,0.346175,0.000975,-1.600000,0,1,3.108,1.735296,0.030019
924,2026-04-05T21:05:25.759,0.345900,0.000975,-1.600000,0,1,3.220,1.735296,0.030019
925,2026-04-05T21:05:30.405,0.345625,0.000975,-1.600000,0,1,4.616,1.735296,0.030019
926,2026-04-05T21:05:33.648,0.345350,0.000975,-1.600000,0,1,3.192,1.735296,0.030019
927,2026-04-05T21:05:36.515,0.345075,0.000975,-1.600000,0,1,2.837,1.735296,0.030019
928,2026-04-05T21:05:39.614,0.344800,0.000975,-1.600000,0,1,3.066,1.735296,0.030019
929,2026-04-05T21:05:42.498,0.344525,0.000975,-1.600000,0,1,2.851,1.735296,0.030019
930,2026-04-05T21:05:45.464,0.344250,0.000975,-1.600000,0,1,2.936,1.735296,0.030019
931,2026-04-05T21:05:48.564,0.343975,0.000975,-1.600000,0,1,3.072,1.735296,0.030019
932,2026-04-05T21:05:51.688,0.343700,0.000975,-1.600000,0,1,3.100,1.735296,0.030019
933,2026-04-05T21:05:54.931,0.343425,0.000975,-1.600000,0,1,3.210,1.735296,0.030019
934,2026-04-05T21:05:58.164,0.343150,0.000975,-1.600000,0,1,3.206,1.735296,0.030019
935,2026-04-05T21:06:01.279,0.342875,0.000975,-1.600000,0,1,3.090,1.735296,0.030019
936,2026-04-05T21:06:04.180,0.342600,0.000975,-1.600000,0,1,2.878,1.735296,0.030019
937,2026-04-05T21:06:07.328,0.342325,0.000975,-1.600000,0,1,3.106,1.735296,0.030019
938,2026-04-05T21:06:10.510,0.342050,0.000975,-1.600000,0,1,3.151,1.735296,0.030019
939,2026-04-05T21:06:13.402,0.341775,0.000975,-1.600000,0,1,2.866,1.735296,0.030019
940,2026-04-05T21:06:16.294,0.341500,0.000975,-1.600000,0,1,2.860,1.735296,0.030019
941,2026-04-05T21:06:19.419,0.341225,0.000975,-1.600000,0,1,3.103,1.735296,0.030019
942,2026-04-05T21:06:22.575,0.340950,0.000975,-1.600000,0,1,3.130,1.735296,0.030019
943,2026-04-05T21:06:25.596,0.340675,0.000975,-1.600000,0,1,2.995,1.735296,0.030019
944,2026-04-05T21:06:28.734,0.340400,0.000975,-1.600000,0,1,3.109,1.735296,0.030019
945,2026-04-05T21:06:31.740,0.340125,0.000975,-2.000000,0,1,2.980,1.735296,0.030019
946,2026-04-05T21:06:34.859,0.339850,0.000975,-1.600000,0,1,3.087,1.735296,0.030019
947,2026-04-05T21:06:38.089,0.339575,0.000975,-1.600000,0,1,3.205,1.735296,0.030019
948,2026-04-05T21:06:41.282,0.339300,0.000975,-1.600000,0,1,3.167,1.735296,0.030019
949,2026-04-05T21:06:44.166,0.339025,0.000975,-1.600000,0,1,2.852,1.735296,0.030019
950,2026-04-05T21:06:47.290,0.338750,0.000975,-1.600000,0,1,3.096,1.735296,0.030019
951,2026-04-05T21:06:50.287,0.338475,0.000975,-1.600000,0,1,2.972,1.735296,0.030019
952,2026-04-05T21:06:53.520,0.338200,0.000975,-1.600000,0,1,3.207,1.735296,0.030019
953,2026-04-05T21:06:56.722,0.337925,0.000975,-1.600000,0,1,3.169,1.735296,0.030019
954,2026-04-05T21:06:59.831,0.337650,0.000975,-1.600000,0,1,3.088,1.735296,0.030019
955,2026-04-05T21:07:02.971,0.337375,0.000975,-1.500000,0,1,3.118,1.735296,0.030019
956,2026-04-05T21:07:06.055,0.337100,0.000975,-1.600000,0,1,3.059,1.735296,0.030019
957,2026-04-05T21:07:09.187,0.336825,0.000974,-1.600000,0,1,3.106,1.735296,0.030019
958,2026-04-05T21:07:12.382,0.336550,0.000974,-1.600000,0,1,3.170,1.735296,0.030019
959,2026-04-05T21:07:15.609,0.336275,0.000974,-1.600000,0,1,3.203,1.735296,0.030019
960,2026-04-05T21:07:18.744,0.336000,0.000974,-1.600000,0,1,3.110,1.735296,0.030019
961,2026-04-05T21:07:21.851,0.335725,0.000974,-1.600000,0,1,3.082,1.735296,0.030019
962,2026-04-05T21:07:24.986,0.335450,0.000974,-1.600000,0,1,3.110,1.735296,0.030019
963,2026-04-05T21:07:28.210,0.335175,0.000974,-1.600000,0,1,3.196,1.735296,0.030019
964,2026-04-05T21:07:31.291,0.334900,0.000974,-1.600000,0,1,3.055,1.735296,0.030019
965,2026-04-05T21:07:34.490,0.334625,0.000974,-1.600000,0,1,3.168,1.735296,0.030019
966,2026-04-05T21:07:37.601,0.334350,0.000974,-1.600000,0,1,3.084,1.735296,0.030019
967,2026-04-05T21:07:40.715,0.334075,0.000974,-1.600000,0,1,3.088,1.735296,0.030019
968,2026-04-05T21:07:43.909,0.333800,0.000974,-1.600000,0,1,3.166,1.735296,0.030019
969,2026-04-05T21:07:47.232,0.333525,0.000974,-1.600000,0,1,3.298,1.735296,0.030019
970,2026-04-05T21:07:50.430,0.333250,0.000974,-1.600000,0,1,3.169,1.735296,0.030019
971,2026-04-05T21:07:53.548,0.332975,0.000974,-1.600000,0,1,3.091,1.735296,0.030019
972,2026-04-05T21:07:56.671,0.332700,0.000974,-1.600000,0,1,3.096,1.735296,0.030019
973,2026-04-05T21:07:59.903,0.332425,0.000974,-1.500000,0,1,3.205,1.735296,0.030019
974,2026-04-05T21:08:03.038,0.332150,0.000974,-1.600000,0,1,3.111,1.735296,0.030019
975,2026-04-05T21:08:06.030,0.331875,0.000974,-1.600000,0,1,2.970,1.735296,0.030019
976,2026-04-05T21:08:08.928,0.331600,0.000974,-1.600000,0,1,2.874,1.735296,0.030019
977,2026-04-05T21:08:12.287,0.331325,0.000974,-1.600000,0,1,3.333,1.735296,0.030019
978,2026-04-05T21:08:15.513,0.331050,0.000974,-1.600000,0,1,3.203,1.735296,0.030019
979,2026-04-05T21:08:18.620,0.330775,0.000974,-1.600000,0,1,3.085,1.735296,0.030019
980,2026-04-05T21:08:21.510,0.330500,0.000974,-1.600000,0,1,2.865,1.735296,0.030019
981,2026-04-05T21:08:24.733,0.330225,0.000974,-1.600000,0,1,3.198,1.735296,0.030019
982,2026-04-05T21:08:27.844,0.329950,0.000974,-1.600000,0,1,3.084,1.735296,0.030019
983,2026-04-05T21:08:30.919,0.329675,0.000974,-1.600000,0,1,3.048,1.735296,0.030019
984,2026-04-05T21:08:34.076,0.329400,0.000974,-1.600000,0,1,3.128,1.735296,0.030019
985,2026-04-05T21:08:37.241,0.329125,0.000974,-1.600000,0,1,3.140,1.735296,0.030019
986,2026-04-05T21:08:40.972,0.328850,0.000974,-1.600000,0,1,3.706,1.493430,0.024812
987,2026-04-05T21:08:45.275,0.328575,0.000974,-2.000000,0,1,4.273,1.267712,0.019175
988,2026-04-05T21:08:49.723,0.328300,0.000974,-1.000000,0,1,4.419,1.221158,0.012698
989,2026-04-05T21:08:53.824,0.328025,0.000974,-1.000000,0,1,4.075,1.180668,0.005689
990,2026-04-05T21:08:58.309,0.327750,0.000974,-1.000000,0,1,4.458,1.142150,-0.001344
991,2026-04-05T21:09:02.698,0.327475,0.000974,-1.000000,0,1,4.361,1.108493,-0.008449
992,2026-04-05T21:09:07.233,0.327200,0.000974,-1.600000,0,1,4.511,1.074128,-0.015922
993,2026-04-05T21:09:11.879,0.326925,0.000974,-1.000000,0,1,4.614,1.038952,-0.023461
994,2026-04-05T21:09:16.404,0.326650,0.000973,-1.000000,0,1,4.498,1.021387,-0.031139
995,2026-04-05T21:09:20.779,0.326375,0.000973,-1.000000,0,1,4.347,1.050055,-0.039051
996,2026-04-05T21:09:25.188,0.326100,0.000973,-1.000000,0,1,4.382,1.070674,-0.047553
